日付け,終値,,,,,
2024/7/31,149.98,,,,,
2024/7/30,152.76,,,,,
2024/7/29,154.01,,,,,
2024/7/26,153.72,,,,,
2024/7/25,153.93,,,,,
2024/7/24,153.87,,,,,
2024/7/23,155.58,,,,,
2024/7/22,157,,,,,
2024/7/19,157.49,,,,,
2024/7/18,157.37,,,,,
2024/7/17,156.16,,,,,
2024/7/16,158.34,,,,,
2024/7/15,158.01,,,,,
2024/7/12,157.89,,,,,
2024/7/11,158.8,,,,,
2024/7/10,161.67,,,,,
2024/7/9,161.31,,,,,
2024/7/8,160.81,,,,,
2024/7/5,160.72,,,,,
2024/7/4,161.25,,,,,
2024/7/3,161.68,,,,,
2024/7/2,161.44,,,,,
2024/7/1,161.45,,,,,
2024/6/28,160.83,,,,,
2024/6/27,160.74,,,,,
2024/6/26,160.79,,,,,
2024/6/25,159.69,,,,,
2024/6/24,159.59,,,,,
2024/6/21,159.79,,,,,
2024/6/20,158.9,,,,,
2024/6/19,158.08,,,,,
2024/6/18,157.85,,,,,
2024/6/17,157.71,,,,,
2024/6/14,157.37,,,,,
2024/6/13,157.02,,,,,
2024/6/12,156.71,,,,,
2024/6/11,157.07,,,,,
2024/6/10,157.02,,,,,
2024/6/7,156.7,,,,,
2024/6/6,155.6,,,,,
2024/6/5,156.1,,,,,
2024/6/4,154.87,,,,,
2024/6/3,156.1,,,,,
2024/5/31,157.31,,,,,
2024/5/30,156.81,,,,,
2024/5/29,157.6,,,,,
2024/5/28,157.16,,,,,
2024/5/27,156.86,,,,,
2024/5/24,156.99,,,,,
2024/5/23,156.93,,,,,
2024/5/22,156.77,,,,,
2024/5/21,156.15,,,,,
2024/5/20,156.24,,,,,
2024/5/17,155.65,,,,,
2024/5/16,155.38,,,,,
2024/5/15,154.87,,,,,
2024/5/14,156.42,,,,,
2024/5/13,156.2,,,,,
2024/5/10,155.72,,,,,
2024/5/9,155.46,,,,,
2024/5/8,155.48,,,,,
2024/5/7,154.69,,,,,
2024/5/6,153.88,,,,,
2024/5/3,152.98,,,,,
2024/5/2,153.63,,,,,
2024/5/1,154.47,,,,,
2024/4/30,157.8,,,,,
2024/4/29,156.33,,,,,
2024/4/26,158.33,,,,,
2024/4/25,155.65,,,,,
2024/4/24,155.34,,,,,
2024/4/23,154.82,,,,,
2024/4/22,154.84,,,,,
2024/4/19,154.63,,,,,
2024/4/18,154.63,,,,,
2024/4/17,154.38,,,,,
2024/4/16,154.71,,,,,
2024/4/15,154.27,,,,,
2024/4/12,153.28,,,,,
2024/4/11,153.27,,,,,
2024/4/10,153.17,,,,,
2024/4/9,151.77,,,,,
2024/4/8,151.79,,,,,
2024/4/5,151.61,,,,,
2024/4/4,151.33,,,,,
2024/4/3,151.68,,,,,
2024/4/2,151.55,,,,,
2024/4/1,151.63,,,,,
2024/3/29,151.31,,,,,
2024/3/28,151.37,,,,,
2024/3/27,151.32,,,,,
2024/3/26,151.55,,,,,
2024/3/25,151.41,,,,,
2024/3/22,151.42,,,,,
2024/3/21,151.61,,,,,
2024/3/20,151.25,,,,,
2024/3/19,150.85,,,,,
2024/3/18,149.14,,,,,
2024/3/15,149.02,,,,,
2024/3/14,148.32,,,,,
2024/3/13,147.74,,,,,
2024/3/12,147.68,,,,,
2024/3/11,146.94,,,,,
2024/3/8,147.07,,,,,
2024/3/7,148.03,,,,,
2024/3/6,149.37,,,,,
2024/3/5,150.04,,,,,
2024/3/4,150.51,,,,,
2024/3/1,150.11,,,,,
2024/2/29,149.98,,,,,
2024/2/28,150.67,,,,,
2024/2/27,150.5,,,,,
2024/2/26,150.69,,,,,
2024/2/23,150.5,,,,,
2024/2/22,150.51,,,,,
2024/2/21,150.28,,,,,
2024/2/20,149.99,,,,,
2024/2/19,150.11,,,,,
2024/2/16,150.21,,,,,
2024/2/15,149.91,,,,,
2024/2/14,150.55,,,,,
2024/2/13,150.79,,,,,
2024/2/12,149.34,,,,,
2024/2/9,149.3,,,,,
2024/2/8,149.31,,,,,
2024/2/7,148.18,,,,,
2024/2/6,147.94,,,,,
2024/2/5,148.67,,,,,
2024/2/2,148.37,,,,,
2024/2/1,146.42,,,,,
2024/1/31,146.88,,,,,
2024/1/30,147.6,,,,,
2024/1/29,147.49,,,,,
2024/1/26,148.16,,,,,
2024/1/25,147.65,,,,,
2024/1/24,147.5,,,,,
2024/1/23,148.36,,,,,
2024/1/22,148.09,,,,,
2024/1/19,148.14,,,,,
2024/1/18,148.15,,,,,
2024/1/17,148.15,,,,,
2024/1/16,147.18,,,,,
2024/1/15,145.73,,,,,
2024/1/12,144.9,,,,,
2024/1/11,145.28,,,,,
2024/1/10,145.73,,,,,
2024/1/9,144.47,,,,,
2024/1/8,144.22,,,,,
2024/1/5,144.65,,,,,
2024/1/4,144.62,,,,,
2024/1/3,143.29,,,,,
2024/1/2,141.98,,,,,
2024/1/1,140.87,,,,,
2023/12/29,141.06,,,,,
2023/12/28,141.39,,,,,
2023/12/27,141.83,,,,,
2023/12/26,142.38,,,,,
2023/12/25,142.34,,,,,
2023/12/22,142.41,,,,,
2023/12/21,142.1,,,,,
2023/12/20,143.56,,,,,
2023/12/19,143.82,,,,,
2023/12/18,142.74,,,,,
2023/12/15,142.15,,,,,
2023/12/14,141.87,,,,,
2023/12/13,142.88,,,,,
2023/12/12,145.43,,,,,
2023/12/11,146.16,,,,,
2023/12/8,144.93,,,,,
2023/12/7,144.12,,,,,
2023/12/6,147.31,,,,,
2023/12/5,147.15,,,,,
2023/12/4,147.2,,,,,
2023/12/1,146.81,,,,,
2023/11/30,148.19,,,,,
2023/11/29,147.24,,,,,
2023/11/28,147.48,,,,,
2023/11/27,148.67,,,,,
2023/11/24,149.44,,,,,
2023/11/23,149.56,,,,,
2023/11/22,149.53,,,,,
2023/11/21,148.39,,,,,
2023/11/20,148.36,,,,,
2023/11/17,149.62,,,,,
2023/11/16,150.71,,,,,
2023/11/15,151.35,,,,,
2023/11/14,150.38,,,,,
2023/11/13,151.71,,,,,
2023/11/10,151.5,,,,,
2023/11/9,151.34,,,,,
2023/11/8,150.97,,,,,
2023/11/7,150.34,,,,,
2023/11/6,150.07,,,,,
2023/11/3,149.37,,,,,
2023/11/2,150.44,,,,,
2023/11/1,150.95,,,,,
2023/10/31,151.67,,,,,
2023/10/30,149.1,,,,,
2023/10/27,149.6,,,,,
2023/10/26,150.38,,,,,
2023/10/25,150.21,,,,,
2023/10/24,149.91,,,,,
2023/10/23,149.7,,,,,
2023/10/20,149.84,,,,,
2023/10/19,149.78,,,,,
2023/10/18,149.92,,,,,
2023/10/17,149.8,,,,,
2023/10/16,149.5,,,,,
2023/10/13,149.55,,,,,
2023/10/12,149.8,,,,,
2023/10/11,149.15,,,,,
2023/10/10,148.7,,,,,
2023/10/9,148.5,,,,,
2023/10/6,149.32,,,,,
2023/10/5,148.5,,,,,
2023/10/4,149.12,,,,,
2023/10/3,149.02,,,,,
2023/10/2,149.85,,,,,
2023/9/29,149.35,,,,,
2023/9/28,149.29,,,,,
2023/9/27,149.63,,,,,
2023/9/26,149.05,,,,,
2023/9/25,148.88,,,,,
2023/9/22,148.37,,,,,
2023/9/21,147.58,,,,,
2023/9/20,148.33,,,,,
2023/9/19,147.86,,,,,
2023/9/18,147.6,,,,,
2023/9/15,147.82,,,,,
2023/9/14,147.47,,,,,
2023/9/13,147.45,,,,,
2023/9/12,147.08,,,,,
2023/9/11,146.58,,,,,
2023/9/8,147.81,,,,,
2023/9/7,147.29,,,,,
2023/9/6,147.65,,,,,
2023/9/5,147.71,,,,,
2023/9/4,146.46,,,,,
2023/9/1,146.23,,,,,
2023/8/31,145.53,,,,,
2023/8/30,146.24,,,,,
2023/8/29,145.87,,,,,
2023/8/28,146.54,,,,,
2023/8/25,146.41,,,,,
2023/8/24,145.87,,,,,
2023/8/23,144.83,,,,,
2023/8/22,145.88,,,,,
2023/8/21,146.17,,,,,
2023/8/18,145.37,,,,,
2023/8/17,145.83,,,,,
2023/8/16,146.35,,,,,
2023/8/15,145.57,,,,,
2023/8/14,145.54,,,,,
2023/8/11,144.96,,,,,
2023/8/10,144.73,,,,,
2023/8/9,143.72,,,,,
2023/8/8,143.37,,,,,
2023/8/7,142.49,,,,,
2023/8/4,141.75,,,,,
2023/8/3,142.54,,,,,
2023/8/2,143.32,,,,,
2023/8/1,143.32,,,,,
2023/7/31,142.28,,,,,
2023/7/28,141.15,,,,,
2023/7/27,139.44,,,,,
2023/7/26,140.21,,,,,
2023/7/25,140.9,,,,,
2023/7/24,141.44,,,,,
2023/7/21,141.79,,,,,
2023/7/20,140.07,,,,,
2023/7/19,139.67,,,,,
2023/7/18,138.81,,,,,
2023/7/17,138.71,,,,,
2023/7/14,138.73,,,,,
2023/7/13,138.03,,,,,
2023/7/12,138.5,,,,,
2023/7/11,140.37,,,,,
2023/7/10,141.31,,,,,
2023/7/7,142.07,,,,,
2023/7/6,144.06,,,,,
2023/7/5,144.64,,,,,
2023/7/4,144.45,,,,,
2023/7/3,144.66,,,,,
2023/6/30,144.32,,,,,
2023/6/29,144.77,,,,,
2023/6/28,144.46,,,,,
2023/6/27,144.07,,,,,
2023/6/26,143.5,,,,,
2023/6/23,143.68,,,,,
2023/6/22,143.11,,,,,
2023/6/21,141.88,,,,,
2023/6/20,141.44,,,,,
2023/6/19,141.98,,,,,
2023/6/16,141.82,,,,,
2023/6/15,140.27,,,,,
2023/6/14,140.09,,,,,
2023/6/13,140.21,,,,,
2023/6/12,139.6,,,,,
2023/6/9,139.34,,,,,
2023/6/8,138.91,,,,,
2023/6/7,140.11,,,,,
2023/6/6,139.63,,,,,
2023/6/5,139.54,,,,,
2023/6/2,139.94,,,,,
2023/6/1,138.79,,,,,
2023/5/31,139.34,,,,,
2023/5/30,139.79,,,,,
2023/5/29,140.44,,,,,
2023/5/26,140.62,,,,,
2023/5/25,140.05,,,,,
2023/5/24,139.46,,,,,
2023/5/23,138.58,,,,,
2023/5/22,138.6,,,,,
2023/5/19,137.95,,,,,
2023/5/18,138.71,,,,,
2023/5/17,137.67,,,,,
2023/5/16,136.37,,,,,
2023/5/15,136.11,,,,,
2023/5/12,135.71,,,,,
2023/5/11,134.54,,,,,
2023/5/10,134.34,,,,,
2023/5/9,135.21,,,,,
2023/5/8,135.08,,,,,
2023/5/5,134.83,,,,,
2023/5/4,134.27,,,,,
2023/5/3,134.68,,,,,
2023/5/2,136.53,,,,,
2023/5/1,137.48,,,,,
2023/4/28,136.28,,,,,
2023/4/27,133.94,,,,,
2023/4/26,133.66,,,,,
2023/4/25,133.71,,,,,
2023/4/24,134.22,,,,,
2023/4/21,134.15,,,,,
2023/4/20,134.23,,,,,
2023/4/19,134.69,,,,,
2023/4/18,134.09,,,,,
2023/4/17,134.46,,,,,
2023/4/14,133.77,,,,,
2023/4/13,132.56,,,,,
2023/4/12,133.12,,,,,
2023/4/11,133.65,,,,,
2023/4/10,133.6,,,,,
2023/4/7,132.13,,,,,
2023/4/6,131.76,,,,,
2023/4/5,131.31,,,,,
2023/4/4,131.69,,,,,
2023/4/3,132.41,,,,,
2023/3/31,132.79,,,,,
2023/3/30,132.65,,,,,
2023/3/29,132.84,,,,,
2023/3/28,130.86,,,,,
2023/3/27,131.56,,,,,
2023/3/24,130.69,,,,,
2023/3/23,130.81,,,,,
2023/3/22,131.44,,,,,
2023/3/21,132.49,,,,,
2023/3/20,131.31,,,,,
2023/3/17,131.79,,,,,
2023/3/16,133.72,,,,,
2023/3/15,133.4,,,,,
2023/3/14,134.22,,,,,
2023/3/13,133.18,,,,,
2023/3/10,134.98,,,,,
2023/3/9,136.14,,,,,
2023/3/8,137.34,,,,,
2023/3/7,137.14,,,,,
2023/3/6,135.91,,,,,
2023/3/3,135.86,,,,,
2023/3/2,136.76,,,,,
2023/3/1,136.16,,,,,
2023/2/28,136.2,,,,,
2023/2/27,136.2,,,,,
2023/2/24,136.46,,,,,
2023/2/23,134.7,,,,,
2023/2/22,134.9,,,,,
2023/2/21,134.99,,,,,
2023/2/20,134.23,,,,,
2023/2/17,134.15,,,,,
2023/2/16,133.94,,,,,
2023/2/15,134.11,,,,,
2023/2/14,133.11,,,,,
2023/2/13,132.4,,,,,
2023/2/10,131.41,,,,,
2023/2/9,131.56,,,,,
2023/2/8,131.37,,,,,
2023/2/7,131.05,,,,,
2023/2/6,132.65,,,,,
2023/2/3,131.17,,,,,
2023/2/2,128.65,,,,,
2023/2/1,128.93,,,,,
2023/1/31,130.09,,,,,
2023/1/30,130.44,,,,,
2023/1/27,129.85,,,,,
2023/1/26,130.21,,,,,
2023/1/25,129.59,,,,,
2023/1/24,130.15,,,,,
2023/1/23,130.66,,,,,
2023/1/20,129.57,,,,,
2023/1/19,128.42,,,,,
2023/1/18,128.88,,,,,
2023/1/17,128.13,,,,,
2023/1/16,128.54,,,,,
2023/1/13,127.88,,,,,
2023/1/12,129.22,,,,,
2023/1/11,132.47,,,,,
2023/1/10,132.25,,,,,
2023/1/9,131.88,,,,,
2023/1/6,132.07,,,,,
2023/1/5,133.4,,,,,
2023/1/4,132.62,,,,,
2023/1/3,131,,,,,
2023/1/2,130.73,,,,,
2022/12/30,131.11,,,,,
2022/12/29,133.01,,,,,
2022/12/28,134.47,,,,,
2022/12/27,133.48,,,,,
2022/12/26,132.86,,,,,
2022/12/23,132.79,,,,,
2022/12/22,132.33,,,,,
2022/12/21,132.47,,,,,
2022/12/20,131.7,,,,,
2022/12/19,136.88,,,,,
2022/12/16,136.69,,,,,
2022/12/15,137.76,,,,,
2022/12/14,135.47,,,,,
2022/12/13,135.57,,,,,
2022/12/12,137.66,,,,,
2022/12/9,136.56,,,,,
2022/12/8,136.65,,,,,
2022/12/7,136.6,,,,,
2022/12/6,137.05,,,,,
2022/12/5,136.74,,,,,
2022/12/2,134.3,,,,,
2022/12/1,135.27,,,,,
2022/11/30,138.03,,,,,
2022/11/29,138.68,,,,,
2022/11/28,138.94,,,,,
2022/11/25,139.1,,,,,
2022/11/24,138.61,,,,,
2022/11/23,139.59,,,,,
2022/11/22,141.24,,,,,
2022/11/21,142.12,,,,,
2022/11/18,140.35,,,,,
2022/11/17,140.18,,,,,
2022/11/16,139.55,,,,,
2022/11/15,139.29,,,,,
2022/11/14,139.88,,,,,
2022/11/11,138.79,,,,,
2022/11/10,140.95,,,,,
2022/11/9,146.44,,,,,
2022/11/8,145.66,,,,,
2022/11/7,146.62,,,,,
2022/11/4,146.59,,,,,
2022/11/3,148.27,,,,,
2022/11/2,147.9,,,,,
2022/11/1,148.28,,,,,
2022/10/31,148.71,,,,,
2022/10/28,147.45,,,,,
2022/10/27,146.27,,,,,
2022/10/26,146.35,,,,,
2022/10/25,147.91,,,,,
2022/10/24,148.96,,,,,
2022/10/21,147.64,,,,,
2022/10/20,150.14,,,,,
2022/10/19,149.89,,,,,
2022/10/18,149.26,,,,,
2022/10/17,149.03,,,,,
2022/10/14,148.74,,,,,
2022/10/13,147.22,,,,,
2022/10/12,146.91,,,,,
2022/10/11,145.86,,,,,
2022/10/10,145.68,,,,,
2022/10/7,145.33,,,,,
2022/10/6,145.12,,,,,
2022/10/5,144.63,,,,,
2022/10/4,144.09,,,,,
2022/10/3,144.53,,,,,
2022/9/30,144.75,,,,,
2022/9/29,144.45,,,,,
2022/9/28,144.16,,,,,
2022/9/27,144.76,,,,,
2022/9/26,144.75,,,,,
2022/9/23,143.32,,,,,
2022/9/22,142.35,,,,,
2022/9/21,144.04,,,,,
2022/9/20,143.72,,,,,
2022/9/19,143.2,,,,,
2022/9/16,142.91,,,,,
2022/9/15,143.52,,,,,
2022/9/14,143.15,,,,,
2022/9/13,144.55,,,,,
2022/9/12,142.83,,,,,
2022/9/9,142.52,,,,,
2022/9/8,144.09,,,,,
2022/9/7,143.7,,,,,
2022/9/6,142.79,,,,,
2022/9/5,140.59,,,,,
2022/9/2,140.2,,,,,
2022/9/1,140.2,,,,,
2022/8/31,138.96,,,,,
2022/8/30,138.79,,,,,
2022/8/29,138.69,,,,,
2022/8/26,137.52,,,,,
2022/8/25,136.5,,,,,
2022/8/24,137.11,,,,,
2022/8/23,136.78,,,,,
2022/8/22,137.47,,,,,
2022/8/19,136.93,,,,,
2022/8/18,135.88,,,,,
2022/8/17,135.01,,,,,
2022/8/16,134.21,,,,,
2022/8/15,133.32,,,,,
2022/8/12,133.48,,,,,
2022/8/11,133,,,,,
2022/8/10,132.87,,,,,
2022/8/9,135.13,,,,,
2022/8/8,135,,,,,
2022/8/5,134.97,,,,,
2022/8/4,132.85,,,,,
2022/8/3,133.86,,,,,
2022/8/2,133.16,,,,,
2022/8/1,131.61,,,,,
2022/7/29,133.19,,,,,
2022/7/28,134.28,,,,,
2022/7/27,136.55,,,,,
2022/7/26,136.91,,,,,
2022/7/25,136.66,,,,,
2022/7/22,136.05,,,,,
2022/7/21,137.37,,,,,
2022/7/20,138.2,,,,,
2022/7/19,138.18,,,,,
2022/7/18,138.12,,,,,
2022/7/15,138.53,,,,,
2022/7/14,138.9,,,,,
2022/7/13,137.42,,,,,
2022/7/12,136.86,,,,,
2022/7/11,137.42,,,,,
2022/7/8,136.08,,,,,
2022/7/7,135.98,,,,,
2022/7/6,135.93,,,,,
2022/7/5,135.87,,,,,
2022/7/4,135.69,,,,,
2022/7/1,135.19,,,,,
2022/6/30,135.73,,,,,
2022/6/29,136.58,,,,,
2022/6/28,136.12,,,,,
2022/6/27,135.43,,,,,
2022/6/24,135.17,,,,,
2022/6/23,134.93,,,,,
2022/6/22,136.26,,,,,
2022/6/21,136.61,,,,,
2022/6/20,135.08,,,,,
2022/6/17,134.96,,,,,
2022/6/16,132.2,,,,,
2022/6/15,133.83,,,,,
2022/6/14,135.47,,,,,
2022/6/13,134.4,,,,,
2022/6/10,134.42,,,,,
2022/6/9,134.33,,,,,
2022/6/8,134.24,,,,,
2022/6/7,132.58,,,,,
2022/6/6,131.87,,,,,
2022/6/3,130.86,,,,,
2022/6/2,129.83,,,,,
2022/6/1,130.11,,,,,
2022/5/31,128.68,,,,,
2022/5/30,127.55,,,,,
2022/5/27,127.11,,,,,
2022/5/26,127.14,,,,,
2022/5/25,127.31,,,,,
2022/5/24,126.8,,,,,
2022/5/23,127.87,,,,,
2022/5/20,127.85,,,,,
2022/5/19,127.8,,,,,
2022/5/18,128.22,,,,,
2022/5/17,129.39,,,,,
2022/5/16,129.16,,,,,
2022/5/13,129.19,,,,,
2022/5/12,128.32,,,,,
2022/5/11,129.96,,,,,
2022/5/10,130.43,,,,,
2022/5/9,130.25,,,,,
2022/5/6,130.56,,,,,
2022/5/5,130.13,,,,,
2022/5/4,129.07,,,,,
2022/5/3,130.1,,,,,
2022/5/2,130.14,,,,,
2022/4/29,129.83,,,,,
2022/4/28,130.85,,,,,
2022/4/27,128.42,,,,,
2022/4/26,127.22,,,,,
2022/4/25,128.12,,,,,
2022/4/22,128.56,,,,,
2022/4/21,128.39,,,,,
2022/4/20,127.88,,,,,
2022/4/19,128.9,,,,,
2022/4/18,126.97,,,,,
2022/4/15,126.35,,,,,
2022/4/14,125.86,,,,,
2022/4/13,125.66,,,,,
2022/4/12,125.35,,,,,
2022/4/11,125.35,,,,,
2022/4/8,124.32,,,,,
2022/4/7,123.92,,,,,
2022/4/6,123.79,,,,,
2022/4/5,123.6,,,,,
2022/4/4,122.78,,,,,
2022/4/1,122.49,,,,,
2022/3/31,121.66,,,,,
2022/3/30,121.8,,,,,
2022/3/29,122.84,,,,,
2022/3/28,123.91,,,,,
2022/3/25,122.06,,,,,
2022/3/24,122.33,,,,,
2022/3/23,121.15,,,,,
2022/3/22,120.8,,,,,
2022/3/21,119.47,,,,,
2022/3/18,119.17,,,,,
2022/3/17,118.59,,,,,
2022/3/16,118.72,,,,,
2022/3/15,118.28,,,,,
2022/3/14,118.18,,,,,
2022/3/11,117.28,,,,,
2022/3/10,116.13,,,,,
2022/3/9,115.82,,,,,
2022/3/8,115.66,,,,,
2022/3/7,115.29,,,,,
2022/3/4,114.78,,,,,
2022/3/3,115.46,,,,,
2022/3/2,115.5,,,,,
2022/3/1,114.89,,,,,
2022/2/28,114.99,,,,,
2022/2/25,115.56,,,,,
2022/2/24,115.52,,,,,
2022/2/23,114.97,,,,,
2022/2/22,115.08,,,,,
2022/2/21,114.74,,,,,
2022/2/18,115,,,,,
2022/2/17,114.93,,,,,
2022/2/16,115.46,,,,,
2022/2/15,115.62,,,,,
2022/2/14,115.53,,,,,
2022/2/11,115.41,,,,,
2022/2/10,116,,,,,
2022/2/9,115.49,,,,,
2022/2/8,115.54,,,,,
2022/2/7,115.12,,,,,
2022/2/4,115.2,,,,,
2022/2/3,114.95,,,,,
2022/2/2,114.44,,,,,
2022/2/1,114.71,,,,,
2022/1/31,115.1,,,,,
2022/1/28,115.24,,,,,
2022/1/27,115.34,,,,,
2022/1/26,114.63,,,,,
2022/1/25,113.86,,,,,
2022/1/24,113.92,,,,,
2022/1/21,113.68,,,,,
2022/1/20,114.09,,,,,
2022/1/19,114.32,,,,,
2022/1/18,114.61,,,,,
2022/1/17,114.6,,,,,
2022/1/14,114.2,,,,,
2022/1/13,114.17,,,,,
2022/1/12,114.63,,,,,
2022/1/11,115.28,,,,,
2022/1/10,115.2,,,,,
2022/1/7,115.55,,,,,
2022/1/6,115.82,,,,,
2022/1/5,116.1,,,,,
2022/1/4,116.14,,,,,
2022/1/3,115.32,,,,,
2021/12/31,115.08,,,,,
2021/12/30,115.06,,,,,
2021/12/29,114.94,,,,,
2021/12/28,114.81,,,,,
2021/12/27,114.83,,,,,
2021/12/24,114.41,,,,,
2021/12/23,114.37,,,,,
2021/12/22,114.11,,,,,
2021/12/21,114.08,,,,,
2021/12/20,113.58,,,,,
2021/12/17,113.67,,,,,
2021/12/16,113.7,,,,,
2021/12/15,114.02,,,,,
2021/12/14,113.71,,,,,
2021/12/13,113.56,,,,,
2021/12/10,113.38,,,,,
2021/12/9,113.44,,,,,
2021/12/8,113.66,,,,,
2021/12/7,113.57,,,,,
2021/12/6,113.46,,,,,
2021/12/3,112.8,,,,,
2021/12/2,113.15,,,,,
2021/12/1,112.75,,,,,
2021/11/30,113.13,,,,,
2021/11/29,113.52,,,,,
2021/11/26,113.31,,,,,
2021/11/25,115.35,,,,,
2021/11/24,115.41,,,,,
2021/11/23,115.12,,,,,
2021/11/22,114.86,,,,,
2021/11/19,113.98,,,,,
2021/11/18,114.24,,,,,
2021/11/17,114.07,,,,,
2021/11/16,114.82,,,,,
2021/11/15,114.12,,,,,
2021/11/12,113.85,,,,,
2021/11/11,114.05,,,,,
2021/11/10,113.9,,,,,
2021/11/9,112.85,,,,,
2021/11/8,113.22,,,,,
2021/11/5,113.4,,,,,
2021/11/4,113.75,,,,,
2021/11/3,113.98,,,,,
2021/11/2,113.95,,,,,
2021/11/1,113.98,,,,,
2021/10/29,114,,,,,
2021/10/28,113.56,,,,,
2021/10/27,113.81,,,,,
2021/10/26,114.14,,,,,
2021/10/25,113.7,,,,,
2021/10/22,113.46,,,,,
2021/10/21,113.97,,,,,
2021/10/20,114.26,,,,,
2021/10/19,114.36,,,,,
2021/10/18,114.31,,,,,
2021/10/15,114.2,,,,,
2021/10/14,113.66,,,,,
2021/10/13,113.23,,,,,
2021/10/12,113.6,,,,,
2021/10/11,113.3,,,,,
2021/10/8,112.22,,,,,
2021/10/7,111.59,,,,,
2021/10/6,111.41,,,,,
2021/10/5,111.45,,,,,
2021/10/4,110.87,,,,,
2021/10/1,111.05,,,,,
2021/9/30,111.27,,,,,
2021/9/29,111.96,,,,,
2021/9/28,111.5,,,,,
2021/9/27,111,,,,,
2021/9/24,110.72,,,,,
2021/9/23,110.3,,,,,
2021/9/22,109.78,,,,,
2021/9/21,109.21,,,,,
2021/9/20,109.39,,,,,
2021/9/17,109.96,,,,,
2021/9/16,109.7,,,,,
2021/9/15,109.36,,,,,
2021/9/14,109.67,,,,,
2021/9/13,109.98,,,,,
2021/9/10,109.93,,,,,
2021/9/9,109.7,,,,,
2021/9/8,110.23,,,,,
2021/9/7,110.27,,,,,
2021/9/6,109.83,,,,,
2021/9/3,109.73,,,,,
2021/9/2,109.92,,,,,
2021/9/1,109.99,,,,,
2021/8/31,110.02,,,,,
2021/8/30,109.92,,,,,
2021/8/27,109.82,,,,,
2021/8/26,110.07,,,,,
2021/8/25,109.99,,,,,
2021/8/24,109.62,,,,,
2021/8/23,109.68,,,,,
2021/8/20,109.8,,,,,
2021/8/19,109.72,,,,,
2021/8/18,109.74,,,,,
2021/8/17,109.57,,,,,
2021/8/16,109.23,,,,,
2021/8/13,109.57,,,,,
2021/8/12,110.38,,,,,
2021/8/11,110.4,,,,,
2021/8/10,110.56,,,,,
2021/8/9,110.28,,,,,
2021/8/6,110.25,,,,,
2021/8/5,109.74,,,,,
2021/8/4,109.47,,,,,
2021/8/3,109.04,,,,,
2021/8/2,109.28,,,,,
2021/7/30,109.7,,,,,
2021/7/29,109.46,,,,,
2021/7/28,109.9,,,,,
2021/7/27,109.76,,,,,
2021/7/26,110.34,,,,,
2021/7/23,110.54,,,,,
2021/7/22,110.14,,,,,
2021/7/21,110.27,,,,,
2021/7/20,109.84,,,,,
2021/7/19,109.44,,,,,
2021/7/16,110.08,,,,,
2021/7/15,109.86,,,,,
2021/7/14,109.99,,,,,
2021/7/13,110.61,,,,,
2021/7/12,110.35,,,,,
2021/7/9,110.14,,,,,
2021/7/8,109.79,,,,,
2021/7/7,110.65,,,,,
2021/7/6,110.6,,,,,
2021/7/5,110.96,,,,,
2021/7/2,111.04,,,,,
2021/7/1,111.5,,,,,
2021/6/30,111.1,,,,,
2021/6/29,110.5,,,,,
2021/6/28,110.62,,,,,
2021/6/25,110.77,,,,,
2021/6/24,110.86,,,,,
2021/6/23,110.94,,,,,
2021/6/22,110.64,,,,,
2021/6/21,110.3,,,,,
2021/6/18,110.19,,,,,
2021/6/17,110.2,,,,,
2021/6/16,110.69,,,,,
2021/6/15,110.07,,,,,
2021/6/14,110.06,,,,,
2021/6/11,109.65,,,,,
2021/6/10,109.31,,,,,
2021/6/9,109.61,,,,,
2021/6/8,109.49,,,,,
2021/6/7,109.24,,,,,
2021/6/4,109.49,,,,,
2021/6/3,110.28,,,,,
2021/6/2,109.54,,,,,
2021/6/1,109.45,,,,,
2021/5/31,109.54,,,,,
2021/5/28,109.81,,,,,
2021/5/27,109.8,,,,,
2021/5/26,109.14,,,,,
2021/5/25,108.76,,,,,
2021/5/24,108.74,,,,,
2021/5/21,108.94,,,,,
2021/5/20,108.75,,,,,
2021/5/19,109.21,,,,,
2021/5/18,108.88,,,,,
2021/5/17,109.19,,,,,
2021/5/14,109.34,,,,,
2021/5/13,109.45,,,,,
2021/5/12,109.65,,,,,
2021/5/11,108.61,,,,,
2021/5/10,108.78,,,,,
2021/5/7,108.6,,,,,
2021/5/6,109.08,,,,,
2021/5/5,109.18,,,,,
2021/5/4,109.33,,,,,
2021/5/3,109.06,,,,,
2021/4/30,109.27,,,,,
2021/4/29,108.91,,,,,
2021/4/28,108.59,,,,,
2021/4/27,108.68,,,,,
2021/4/26,108.08,,,,,
2021/4/23,107.91,,,,,
2021/4/22,107.96,,,,,
2021/4/21,108.05,,,,,
2021/4/20,108.08,,,,,
2021/4/19,108.15,,,,,
2021/4/16,108.77,,,,,
2021/4/15,108.74,,,,,
2021/4/14,108.91,,,,,
2021/4/13,109.05,,,,,
2021/4/12,109.37,,,,,
2021/4/9,109.65,,,,,
2021/4/8,109.24,,,,,
2021/4/7,109.84,,,,,
2021/4/6,109.74,,,,,
2021/4/5,110.17,,,,,
2021/4/2,110.71,,,,,
2021/4/1,110.6,,,,,
2021/3/31,110.7,,,,,
2021/3/30,110.34,,,,,
2021/3/29,109.78,,,,,
2021/3/26,109.64,,,,,
2021/3/25,109.17,,,,,
2021/3/24,108.72,,,,,
2021/3/23,108.56,,,,,
2021/3/22,108.83,,,,,
2021/3/19,108.87,,,,,
2021/3/18,108.88,,,,,
2021/3/17,108.83,,,,,
2021/3/16,108.98,,,,,
2021/3/15,109.12,,,,,
2021/3/12,109,,,,,
2021/3/11,108.49,,,,,
2021/3/10,108.38,,,,,
2021/3/9,108.46,,,,,
2021/3/8,108.86,,,,,
2021/3/5,108.34,,,,,
2021/3/4,107.97,,,,,
2021/3/3,106.99,,,,,
2021/3/2,106.67,,,,,
2021/3/1,106.75,,,,,
2021/2/26,106.58,,,,,
2021/2/25,106.21,,,,,
2021/2/24,105.86,,,,,
2021/2/23,105.24,,,,,
2021/2/22,105.06,,,,,
2021/2/19,105.43,,,,,
2021/2/18,105.66,,,,,
2021/2/17,105.85,,,,,
2021/2/16,106.04,,,,,
2021/2/15,105.36,,,,,
2021/2/12,104.93,,,,,
2021/2/11,104.72,,,,,
2021/2/10,104.57,,,,,
2021/2/9,104.57,,,,,
2021/2/8,105.22,,,,,
2021/2/5,105.36,,,,,
2021/2/4,105.54,,,,,
2021/2/3,105.01,,,,,
2021/2/2,104.97,,,,,
2021/2/1,104.91,,,,,
2021/1/29,104.68,,,,,
2021/1/28,104.21,,,,,
2021/1/27,104.09,,,,,
2021/1/26,103.6,,,,,
2021/1/25,103.73,,,,,
2021/1/22,103.77,,,,,
2021/1/21,103.48,,,,,
2021/1/20,103.52,,,,,
2021/1/19,103.89,,,,,
2021/1/18,103.69,,,,,
2021/1/15,103.87,,,,,
2021/1/14,103.79,,,,,
2021/1/13,103.85,,,,,
2021/1/12,103.75,,,,,
2021/1/11,104.24,,,,,
2021/1/8,103.93,,,,,
2021/1/7,103.8,,,,,
2021/1/6,103.04,,,,,
2021/1/5,102.72,,,,,
2021/1/4,103.1,,,,,
2021/1/1,103.2,,,,,
2020/12/31,103.24,,,,,
2020/12/30,103.17,,,,,
2020/12/29,103.56,,,,,
2020/12/28,103.78,,,,,
2020/12/25,103.48,,,,,
2020/12/24,103.63,,,,,
2020/12/23,103.55,,,,,
2020/12/22,103.63,,,,,
2020/12/21,103.3,,,,,
2020/12/18,103.31,,,,,
2020/12/17,103.1,,,,,
2020/12/16,103.48,,,,,
2020/12/15,103.66,,,,,
2020/12/14,104.03,,,,,
2020/12/11,104.01,,,,,
2020/12/10,104.2,,,,,
2020/12/9,104.21,,,,,
2020/12/8,104.15,,,,,
2020/12/7,104.06,,,,,
2020/12/4,104.14,,,,,
2020/12/3,103.83,,,,,
2020/12/2,104.4,,,,,
2020/12/1,104.3,,,,,
2020/11/30,104.27,,,,,
2020/11/27,104.1,,,,,
2020/11/26,104.25,,,,,
2020/11/25,104.45,,,,,
2020/11/24,104.43,,,,,
2020/11/23,104.54,,,,,
2020/11/20,103.85,,,,,
2020/11/19,103.72,,,,,
2020/11/18,103.83,,,,,
2020/11/17,104.17,,,,,
2020/11/16,104.56,,,,,
2020/11/13,104.62,,,,,
2020/11/12,105.12,,,,,
2020/11/11,105.42,,,,,
2020/11/10,105.28,,,,,
2020/11/9,105.36,,,,,
2020/11/6,103.33,,,,,
2020/11/5,103.47,,,,,
2020/11/4,104.48,,,,,
2020/11/3,104.46,,,,,
2020/11/2,104.71,,,,,
2020/10/30,104.64,,,,,
2020/10/29,104.61,,,,,
2020/10/28,104.29,,,,,
2020/10/27,104.4,,,,,
2020/10/26,104.82,,,,,
2020/10/23,104.69,,,,,
2020/10/22,104.82,,,,,
2020/10/21,104.56,,,,,
2020/10/20,105.49,,,,,
2020/10/19,105.42,,,,,
2020/10/16,105.4,,,,,
2020/10/15,105.44,,,,,
2020/10/14,105.15,,,,,
2020/10/13,105.47,,,,,
2020/10/12,105.3,,,,,
2020/10/9,105.59,,,,,
2020/10/8,106.01,,,,,
2020/10/7,105.96,,,,,
2020/10/6,105.62,,,,,
2020/10/5,105.72,,,,,
2020/10/2,105.33,,,,,
2020/10/1,105.5,,,,,
2020/9/30,105.45,,,,,
2020/9/29,105.64,,,,,
2020/9/28,105.49,,,,,
2020/9/25,105.6,,,,,
2020/9/24,105.4,,,,,
2020/9/23,105.37,,,,,
2020/9/22,104.91,,,,,
2020/9/21,104.64,,,,,
2020/9/18,104.55,,,,,
2020/9/17,104.73,,,,,
2020/9/16,104.94,,,,,
2020/9/15,105.43,,,,,
2020/9/14,105.72,,,,,
2020/9/11,106.14,,,,,
2020/9/10,106.13,,,,,
2020/9/9,106.17,,,,,
2020/9/8,106.01,,,,,
2020/9/7,106.25,,,,,
2020/9/4,106.23,,,,,
2020/9/3,106.17,,,,,
2020/9/2,106.18,,,,,
2020/9/1,105.95,,,,,
2020/8/31,105.89,,,,,
2020/8/28,105.34,,,,,
2020/8/27,106.55,,,,,
2020/8/26,105.98,,,,,
2020/8/25,106.36,,,,,
2020/8/24,105.97,,,,,
2020/8/21,105.78,,,,,
2020/8/20,105.79,,,,,
2020/8/19,106.1,,,,,
2020/8/18,105.42,,,,,
2020/8/17,105.99,,,,,
2020/8/14,106.59,,,,,
2020/8/13,106.92,,,,,
2020/8/12,106.89,,,,,
2020/8/11,106.48,,,,,
2020/8/10,105.95,,,,,
2020/8/7,105.91,,,,,
2020/8/6,105.54,,,,,
2020/8/5,105.57,,,,,
2020/8/4,105.7,,,,,
2020/8/3,105.94,,,,,
2020/7/31,105.88,,,,,
2020/7/30,104.72,,,,,
2020/7/29,104.91,,,,,
2020/7/28,105.08,,,,,
2020/7/27,105.37,,,,,
2020/7/24,106.12,,,,,
2020/7/23,106.85,,,,,
2020/7/22,107.14,,,,,
2020/7/21,106.76,,,,,
2020/7/20,107.24,,,,,
2020/7/17,106.99,,,,,
2020/7/16,107.26,,,,,
2020/7/15,106.92,,,,,
2020/7/14,107.23,,,,,
2020/7/13,107.26,,,,,
2020/7/10,106.89,,,,,
2020/7/9,107.19,,,,,
2020/7/8,107.25,,,,,
2020/7/7,107.51,,,,,
2020/7/6,107.35,,,,,
2020/7/3,107.5,,,,,
2020/7/2,107.48,,,,,
2020/7/1,107.46,,,,,
2020/6/30,107.92,,,,,
2020/6/29,107.56,,,,,
2020/6/26,107.21,,,,,
2020/6/25,107.19,,,,,
2020/6/24,107.02,,,,,
2020/6/23,106.51,,,,,
2020/6/22,106.87,,,,,
2020/6/19,106.87,,,,,
2020/6/18,106.96,,,,,
2020/6/17,107,,,,,
2020/6/16,107.32,,,,,
2020/6/15,107.31,,,,,
2020/6/12,107.34,,,,,
2020/6/11,106.85,,,,,
2020/6/10,107.09,,,,,
2020/6/9,107.72,,,,,
2020/6/8,108.42,,,,,
2020/6/5,109.58,,,,,
2020/6/4,109.13,,,,,
2020/6/3,108.89,,,,,
2020/6/2,108.66,,,,,
2020/6/1,107.58,,,,,
2020/5/29,107.77,,,,,
2020/5/28,107.63,,,,,
2020/5/27,107.71,,,,,
2020/5/26,107.52,,,,,
2020/5/25,107.69,,,,,
2020/5/22,107.61,,,,,
2020/5/21,107.61,,,,,
2020/5/20,107.51,,,,,
2020/5/19,107.68,,,,,
2020/5/18,107.33,,,,,
2020/5/15,107.02,,,,,
2020/5/14,107.24,,,,,
2020/5/13,107.02,,,,,
2020/5/12,107.13,,,,,
2020/5/11,107.66,,,,,
2020/5/8,106.65,,,,,
2020/5/7,106.27,,,,,
2020/5/6,106.14,,,,,
2020/5/5,106.58,,,,,
2020/5/4,106.73,,,,,
2020/5/1,106.93,,,,,
2020/4/30,107.17,,,,,
2020/4/29,106.7,,,,,
2020/4/28,106.86,,,,,
2020/4/27,107.22,,,,,
2020/4/24,107.5,,,,,
2020/4/23,107.58,,,,,
2020/4/22,107.72,,,,,
2020/4/21,107.76,,,,,
2020/4/20,107.61,,,,,
2020/4/17,107.51,,,,,
2020/4/16,107.94,,,,,
2020/4/15,107.47,,,,,
2020/4/14,107.2,,,,,
2020/4/13,107.76,,,,,
2020/4/10,108.46,,,,,
2020/4/9,108.46,,,,,
2020/4/8,108.81,,,,,
2020/4/7,108.7,,,,,
2020/4/6,109.2,,,,,
2020/4/3,108.45,,,,,
2020/4/2,107.9,,,,,
2020/4/1,107.15,,,,,
2020/3/31,107.53,,,,,
2020/3/30,107.81,,,,,
2020/3/27,107.89,,,,,
2020/3/26,109.58,,,,,
2020/3/25,111.19,,,,,
2020/3/24,111.21,,,,,
2020/3/23,111.2,,,,,
2020/3/20,110.8,,,,,
2020/3/19,110.69,,,,,
2020/3/18,108.06,,,,,
2020/3/17,107.67,,,,,
2020/3/16,105.85,,,,,
2020/3/13,107.91,,,,,
2020/3/12,104.63,,,,,
2020/3/11,104.53,,,,,
2020/3/10,105.63,,,,,
2020/3/9,102.34,,,,,
2020/3/6,105.3,,,,,
2020/3/5,106.16,,,,,
2020/3/4,107.52,,,,,
2020/3/3,107.12,,,,,
2020/3/2,108.3,,,,,
2020/2/28,108.07,,,,,
2020/2/27,109.58,,,,,
2020/2/26,110.42,,,,,
2020/2/25,110.18,,,,,
2020/2/24,110.71,,,,,
2020/2/21,111.57,,,,,
2020/2/20,112.11,,,,,
2020/2/19,111.35,,,,,
2020/2/18,109.86,,,,,
2020/2/17,109.88,,,,,
2020/2/14,109.74,,,,,
2020/2/13,109.81,,,,,
2020/2/12,110.08,,,,,
2020/2/11,109.77,,,,,
2020/2/10,109.74,,,,,
2020/2/7,109.72,,,,,
2020/2/6,109.99,,,,,
2020/2/5,109.8,,,,,
2020/2/4,109.51,,,,,
2020/2/3,108.67,,,,,
2020/1/31,108.38,,,,,
2020/1/30,108.95,,,,,
2020/1/29,108.99,,,,,
2020/1/28,109.13,,,,,
2020/1/27,108.89,,,,,
2020/1/24,109.27,,,,,
2020/1/23,109.48,,,,,
2020/1/22,109.83,,,,,
2020/1/21,109.86,,,,,
2020/1/20,110.18,,,,,
2020/1/17,110.14,,,,,
2020/1/16,110.14,,,,,
2020/1/15,109.88,,,,,
2020/1/14,109.97,,,,,
2020/1/13,109.93,,,,,
2020/1/10,109.46,,,,,
2020/1/9,109.51,,,,,
2020/1/8,109.12,,,,,
2020/1/7,108.42,,,,,
2020/1/6,108.36,,,,,
2020/1/3,108.08,,,,,
2020/1/2,108.57,,,,,
2020/1/1,108.7,,,,,
2019/12/31,108.61,,,,,
2019/12/30,108.86,,,,,
2019/12/27,109.41,,,,,
2019/12/26,109.63,,,,,
2019/12/25,109.35,,,,,
2019/12/24,109.39,,,,,
2019/12/23,109.39,,,,,
2019/12/20,109.44,,,,,
2019/12/19,109.37,,,,,
2019/12/18,109.53,,,,,
2019/12/17,109.47,,,,,
2019/12/16,109.49,,,,,
2019/12/13,109.36,,,,,
2019/12/12,109.29,,,,,
2019/12/11,108.54,,,,,
2019/12/10,108.7,,,,,
2019/12/9,108.55,,,,,
2019/12/6,108.59,,,,,
2019/12/5,108.75,,,,,
2019/12/4,108.85,,,,,
2019/12/3,108.62,,,,,
2019/12/2,108.98,,,,,
2019/11/29,109.51,,,,,
2019/11/28,109.5,,,,,
2019/11/27,109.55,,,,,
2019/11/26,109.03,,,,,
2019/11/25,108.9,,,,,
2019/11/22,108.64,,,,,
2019/11/21,108.63,,,,,
2019/11/20,108.6,,,,,
2019/11/19,108.53,,,,,
2019/11/18,108.66,,,,,
2019/11/15,108.73,,,,,
2019/11/14,108.39,,,,,
2019/11/13,108.81,,,,,
2019/11/12,109,,,,,
2019/11/11,109.04,,,,,
2019/11/8,109.27,,,,,
2019/11/7,109.27,,,,,
2019/11/6,108.96,,,,,
2019/11/5,109.15,,,,,
2019/11/4,108.56,,,,,
2019/11/1,108.17,,,,,
2019/10/31,108.02,,,,,
2019/10/30,108.83,,,,,
2019/10/29,108.87,,,,,
2019/10/28,108.94,,,,,
2019/10/25,108.64,,,,,
2019/10/24,108.61,,,,,
2019/10/23,108.68,,,,,
2019/10/22,108.47,,,,,
2019/10/21,108.59,,,,,
2019/10/18,108.42,,,,,
2019/10/17,108.65,,,,,
2019/10/16,108.75,,,,,
2019/10/15,108.84,,,,,
2019/10/14,108.38,,,,,
2019/10/11,108.4,,,,,
2019/10/10,107.96,,,,,
2019/10/9,107.46,,,,,
2019/10/8,107.07,,,,,
2019/10/7,107.28,,,,,
2019/10/4,106.93,,,,,
2019/10/3,106.9,,,,,
2019/10/2,107.17,,,,,
2019/10/1,107.74,,,,,
2019/9/30,108.06,,,,,
2019/9/27,107.92,,,,,
2019/9/26,107.82,,,,,
2019/9/25,107.76,,,,,
2019/9/24,107.05,,,,,
2019/9/23,107.54,,,,,
2019/9/20,107.55,,,,,
2019/9/19,108,,,,,
2019/9/18,108.44,,,,,
2019/9/17,108.12,,,,,
2019/9/16,108.12,,,,,
2019/9/13,108.07,,,,,
2019/9/12,108.09,,,,,
2019/9/11,107.81,,,,,
2019/9/10,107.53,,,,,
2019/9/9,107.23,,,,,
2019/9/6,106.9,,,,,
2019/9/5,106.92,,,,,
2019/9/4,106.38,,,,,
2019/9/3,105.92,,,,,
2019/9/2,106.21,,,,,
2019/8/30,106.29,,,,,
2019/8/29,106.5,,,,,
2019/8/28,106.11,,,,,
2019/8/27,105.72,,,,,
2019/8/26,106.12,,,,,
2019/8/23,105.39,,,,,
2019/8/22,106.42,,,,,
2019/8/21,106.61,,,,,
2019/8/20,106.22,,,,,
2019/8/19,106.62,,,,,
2019/8/16,106.36,,,,,
2019/8/15,106.11,,,,,
2019/8/14,105.89,,,,,
2019/8/13,106.73,,,,,
2019/8/12,105.29,,,,,
2019/8/9,105.66,,,,,
2019/8/8,106.06,,,,,
2019/8/7,106.26,,,,,
2019/8/6,106.47,,,,,
2019/8/5,105.94,,,,,
2019/8/2,106.58,,,,,
2019/8/1,107.33,,,,,
2019/7/31,108.74,,,,,
2019/7/30,108.59,,,,,
2019/7/29,108.77,,,,,
2019/7/26,108.66,,,,,
2019/7/25,108.62,,,,,
2019/7/24,108.17,,,,,
2019/7/23,108.21,,,,,
2019/7/22,107.86,,,,,
2019/7/19,107.7,,,,,
2019/7/18,107.29,,,,,
2019/7/17,107.94,,,,,
2019/7/16,108.22,,,,,
2019/7/15,107.9,,,,,
2019/7/12,107.89,,,,,
2019/7/11,108.48,,,,,
2019/7/10,108.46,,,,,
2019/7/9,108.84,,,,,
2019/7/8,108.71,,,,,
2019/7/5,108.45,,,,,
2019/7/4,107.79,,,,,
2019/7/3,107.82,,,,,
2019/7/2,107.88,,,,,
2019/7/1,108.43,,,,,
2019/6/28,107.88,,,,,
2019/6/27,107.78,,,,,
2019/6/26,107.77,,,,,
2019/6/25,107.17,,,,,
2019/6/24,107.28,,,,,
2019/6/21,107.3,,,,,
2019/6/20,107.29,,,,,
2019/6/19,108.09,,,,,
2019/6/18,108.44,,,,,
2019/6/17,108.55,,,,,
2019/6/14,108.55,,,,,
2019/6/13,108.37,,,,,
2019/6/12,108.49,,,,,
2019/6/11,108.5,,,,,
2019/6/10,108.43,,,,,
2019/6/7,108.18,,,,,
2019/6/6,108.4,,,,,
2019/6/5,108.45,,,,,
2019/6/4,108.14,,,,,
2019/6/3,108.06,,,,,
2019/5/31,108.26,,,,,
2019/5/30,109.6,,,,,
2019/5/29,109.58,,,,,
2019/5/28,109.36,,,,,
2019/5/27,109.5,,,,,
2019/5/24,109.29,,,,,
2019/5/23,109.59,,,,,
2019/5/22,110.34,,,,,
2019/5/21,110.49,,,,,
2019/5/20,110.05,,,,,
2019/5/17,110.07,,,,,
2019/5/16,109.84,,,,,
2019/5/15,109.58,,,,,
2019/5/14,109.59,,,,,
2019/5/13,109.3,,,,,
2019/5/10,109.94,,,,,
2019/5/9,109.75,,,,,
2019/5/8,110.1,,,,,
2019/5/7,110.24,,,,,
2019/5/6,110.76,,,,,
2019/5/3,111.09,,,,,
2019/5/2,111.5,,,,,
2019/5/1,111.37,,,,,
2019/4/30,111.41,,,,,
2019/4/29,111.63,,,,,
2019/4/26,111.58,,,,,
2019/4/25,111.62,,,,,
2019/4/24,112.17,,,,,
2019/4/23,111.86,,,,,
2019/4/22,111.93,,,,,
2019/4/19,111.91,,,,,
2019/4/18,111.96,,,,,
2019/4/17,112.05,,,,,
2019/4/16,111.99,,,,,
2019/4/15,112.03,,,,,
2019/4/12,112.02,,,,,
2019/4/11,111.65,,,,,
2019/4/10,111,,,,,
2019/4/9,111.12,,,,,
2019/4/8,111.47,,,,,
2019/4/5,111.73,,,,,
2019/4/4,111.65,,,,,
2019/4/3,111.47,,,,,
2019/4/2,111.31,,,,,
2019/4/1,111.34,,,,,
2019/3/29,110.84,,,,,
2019/3/28,110.62,,,,,
2019/3/27,110.51,,,,,
2019/3/26,110.62,,,,,
2019/3/25,109.95,,,,,
2019/3/22,109.91,,,,,
2019/3/21,110.8,,,,,
2019/3/20,110.68,,,,,
2019/3/19,111.37,,,,,
2019/3/18,111.42,,,,,
2019/3/15,111.45,,,,,
2019/3/14,111.7,,,,,
2019/3/13,111.15,,,,,
2019/3/12,111.35,,,,,
2019/3/11,111.19,,,,,
2019/3/8,111.15,,,,,
2019/3/7,111.58,,,,,
2019/3/6,111.75,,,,,
2019/3/5,111.89,,,,,
2019/3/4,111.74,,,,,
2019/3/1,111.9,,,,,
2019/2/28,111.37,,,,,
2019/2/27,110.98,,,,,
2019/2/26,110.57,,,,,
2019/2/25,111.06,,,,,
2019/2/22,110.68,,,,,
2019/2/21,110.69,,,,,
2019/2/20,110.85,,,,,
2019/2/19,110.61,,,,,
2019/2/18,110.6,,,,,
2019/2/15,110.48,,,,,
2019/2/14,110.47,,,,,
2019/2/13,110.99,,,,,
2019/2/12,110.48,,,,,
2019/2/11,110.36,,,,,
2019/2/8,109.72,,,,,
2019/2/7,109.8,,,,,
2019/2/6,109.96,,,,,
2019/2/5,109.96,,,,,
2019/2/4,109.88,,,,,
2019/2/1,109.48,,,,,
2019/1/31,108.87,,,,,
2019/1/30,109.02,,,,,
2019/1/29,109.38,,,,,
2019/1/28,109.34,,,,,
2019/1/25,109.53,,,,,
2019/1/24,109.63,,,,,
2019/1/23,109.59,,,,,
2019/1/22,109.36,,,,,
2019/1/21,109.66,,,,,
2019/1/18,109.76,,,,,
2019/1/17,109.23,,,,,
2019/1/16,109.08,,,,,
2019/1/15,108.66,,,,,
2019/1/14,108.16,,,,,
2019/1/11,108.54,,,,,
2019/1/10,108.42,,,,,
2019/1/9,108.16,,,,,
2019/1/8,108.73,,,,,
2019/1/7,108.7,,,,,
2019/1/4,108.52,,,,,
2019/1/3,107.65,,,,,
2019/1/2,108.87,,,,,
2019/1/1,109.71,,,,,
2018/12/31,109.56,,,,,
2018/12/28,110.26,,,,,
2018/12/27,110.99,,,,,
2018/12/26,111.35,,,,,
2018/12/25,110.27,,,,,
2018/12/24,110.43,,,,,
2018/12/21,111.21,,,,,
2018/12/20,111.28,,,,,
2018/12/19,112.47,,,,,
2018/12/18,112.51,,,,,
2018/12/17,112.82,,,,,
2018/12/14,113.37,,,,,
2018/12/13,113.62,,,,,
2018/12/12,113.27,,,,,
2018/12/11,113.37,,,,,
2018/12/10,113.33,,,,,
2018/12/7,112.72,,,,,
2018/12/6,112.66,,,,,
2018/12/5,113.19,,,,,
2018/12/4,112.77,,,,,
2018/12/3,113.65,,,,,
2018/11/30,113.46,,,,,
2018/11/29,113.47,,,,,
2018/11/28,113.68,,,,,
2018/11/27,113.77,,,,,
2018/11/26,113.59,,,,,
2018/11/23,112.94,,,,,
2018/11/22,112.93,,,,,
2018/11/21,113.05,,,,,
2018/11/20,112.75,,,,,
2018/11/19,112.54,,,,,
2018/11/16,112.82,,,,,
2018/11/15,113.62,,,,,
2018/11/14,113.61,,,,,
2018/11/13,113.8,,,,,
2018/11/12,113.83,,,,,
2018/11/9,113.82,,,,,
2018/11/8,114.06,,,,,
2018/11/7,113.51,,,,,
2018/11/6,113.42,,,,,
2018/11/5,113.18,,,,,
2018/11/2,113.18,,,,,
2018/11/1,112.7,,,,,
2018/10/31,112.93,,,,,
2018/10/30,113.08,,,,,
2018/10/29,112.36,,,,,
2018/10/26,111.89,,,,,
2018/10/25,112.4,,,,,
2018/10/24,112.25,,,,,
2018/10/23,112.43,,,,,
2018/10/22,112.8,,,,,
2018/10/19,112.54,,,,,
2018/10/18,112.18,,,,,
2018/10/17,112.64,,,,,
2018/10/16,112.25,,,,,
2018/10/15,111.76,,,,,
2018/10/12,112.19,,,,,
2018/10/11,112.16,,,,,
2018/10/10,112.27,,,,,
2018/10/9,112.94,,,,,
2018/10/8,113.23,,,,,
2018/10/5,113.7,,,,,
2018/10/4,113.9,,,,,
2018/10/3,114.53,,,,,
2018/10/2,113.66,,,,,
2018/10/1,113.91,,,,,
2018/9/28,113.68,,,,,
2018/9/27,113.36,,,,,
2018/9/26,112.72,,,,,
2018/9/25,112.97,,,,,
2018/9/24,112.79,,,,,
2018/9/21,112.56,,,,,
2018/9/20,112.48,,,,,
2018/9/19,112.27,,,,,
2018/9/18,112.35,,,,,
2018/9/17,111.83,,,,,
2018/9/14,112.04,,,,,
2018/9/13,111.92,,,,,
2018/9/12,111.25,,,,,
2018/9/11,111.62,,,,,
2018/9/10,111.11,,,,,
2018/9/7,111.05,,,,,
2018/9/6,110.74,,,,,
2018/9/5,111.52,,,,,
2018/9/4,111.44,,,,,
2018/9/3,111.07,,,,,
2018/8/31,111.02,,,,,
2018/8/30,110.96,,,,,
2018/8/29,111.65,,,,,
2018/8/28,111.18,,,,,
2018/8/27,111.08,,,,,
2018/8/24,111.22,,,,,
2018/8/23,111.28,,,,,
2018/8/22,110.54,,,,,
2018/8/21,110.29,,,,,
2018/8/20,110.06,,,,,
2018/8/17,110.49,,,,,
2018/8/16,110.88,,,,,
2018/8/15,110.73,,,,,
2018/8/14,111.14,,,,,
2018/8/13,110.71,,,,,
2018/8/10,110.92,,,,,
2018/8/9,111.07,,,,,
2018/8/8,110.97,,,,,
2018/8/7,111.37,,,,,
2018/8/6,111.4,,,,,
2018/8/3,111.25,,,,,
2018/8/2,111.65,,,,,
2018/8/1,111.71,,,,,
2018/7/31,111.86,,,,,
2018/7/30,111.06,,,,,
2018/7/27,111.03,,,,,
2018/7/26,111.22,,,,,
2018/7/25,110.97,,,,,
2018/7/24,111.19,,,,,
2018/7/23,111.33,,,,,
2018/7/20,111.39,,,,,
2018/7/19,112.45,,,,,
2018/7/18,112.83,,,,,
2018/7/17,112.85,,,,,
2018/7/16,112.28,,,,,
2018/7/13,112.36,,,,,
2018/7/12,112.55,,,,,
2018/7/11,112,,,,,
2018/7/10,110.98,,,,,
2018/7/9,110.84,,,,,
2018/7/6,110.45,,,,,
2018/7/5,110.61,,,,,
2018/7/4,110.45,,,,,
2018/7/3,110.58,,,,,
2018/7/2,110.89,,,,,
2018/6/29,110.66,,,,,
2018/6/28,110.48,,,,,
2018/6/27,110.25,,,,,
2018/6/26,110.05,,,,,
2018/6/25,109.76,,,,,
2018/6/22,109.96,,,,,
2018/6/21,109.98,,,,,
2018/6/20,110.35,,,,,
2018/6/19,110.04,,,,,
2018/6/18,110.54,,,,,
2018/6/15,110.66,,,,,
2018/6/14,110.62,,,,,
2018/6/13,110.32,,,,,
2018/6/12,110.36,,,,,
2018/6/11,110.02,,,,,
2018/6/8,109.53,,,,,
2018/6/7,109.69,,,,,
2018/6/6,110.16,,,,,
2018/6/5,109.78,,,,,
2018/6/4,109.8,,,,,
2018/6/1,109.53,,,,,
2018/5/31,108.81,,,,,
2018/5/30,108.9,,,,,
2018/5/29,108.75,,,,,
2018/5/28,109.41,,,,,
2018/5/25,109.38,,,,,
2018/5/24,109.24,,,,,
2018/5/23,110.07,,,,,
2018/5/22,110.88,,,,,
2018/5/21,111.04,,,,,
2018/5/18,110.74,,,,,
2018/5/17,110.76,,,,,
2018/5/16,110.38,,,,,
2018/5/15,110.34,,,,,
2018/5/14,109.65,,,,,
2018/5/11,109.38,,,,,
2018/5/10,109.38,,,,,
2018/5/9,109.74,,,,,
2018/5/8,109.11,,,,,
2018/5/7,109.08,,,,,
2018/5/4,109.11,,,,,
2018/5/3,109.18,,,,,
2018/5/2,109.83,,,,,
2018/5/1,109.85,,,,,
2018/4/30,109.33,,,,,
2018/4/27,109.03,,,,,
2018/4/26,109.29,,,,,
2018/4/25,109.41,,,,,
2018/4/24,108.81,,,,,
2018/4/23,108.7,,,,,
2018/4/20,107.65,,,,,
2018/4/19,107.36,,,,,
2018/4/18,107.23,,,,,
2018/4/17,106.99,,,,,
2018/4/16,107.1,,,,,
2018/4/13,107.33,,,,,
2018/4/12,107.32,,,,,
2018/4/11,106.78,,,,,
2018/4/10,107.19,,,,,
2018/4/9,106.75,,,,,
2018/4/6,106.91,,,,,
2018/4/5,107.37,,,,,
2018/4/4,106.77,,,,,
2018/4/3,106.59,,,,,
2018/4/2,105.88,,,,,
2018/3/30,106.26,,,,,
2018/3/29,106.42,,,,,
2018/3/28,106.85,,,,,
2018/3/27,105.33,,,,,
2018/3/26,105.4,,,,,
2018/3/23,104.72,,,,,
2018/3/22,105.26,,,,,
2018/3/21,106.04,,,,,
2018/3/20,106.53,,,,,
2018/3/19,106.08,,,,,
2018/3/16,106,,,,,
2018/3/15,106.33,,,,,
2018/3/14,106.32,,,,,
2018/3/13,106.56,,,,,
2018/3/12,106.41,,,,,
2018/3/9,106.77,,,,,
2018/3/8,106.2,,,,,
2018/3/7,106.06,,,,,
2018/3/6,106.11,,,,,
2018/3/5,106.19,,,,,
2018/3/2,105.73,,,,,
2018/3/1,106.23,,,,,
2018/2/28,106.67,,,,,
2018/2/27,107.31,,,,,
2018/2/26,106.92,,,,,
2018/2/23,106.88,,,,,
2018/2/22,106.74,,,,,
2018/2/21,107.76,,,,,
2018/2/20,107.31,,,,,
2018/2/19,106.59,,,,,
2018/2/16,106.3,,,,,
2018/2/15,106.11,,,,,
2018/2/14,107,,,,,
2018/2/13,107.82,,,,,
2018/2/12,108.64,,,,,
2018/2/9,108.78,,,,,
2018/2/8,108.74,,,,,
2018/2/7,109.31,,,,,
2018/2/6,109.55,,,,,
2018/2/5,109.09,,,,,
2018/2/2,110.09,,,,,
2018/2/1,109.39,,,,,
2018/1/31,109.17,,,,,
2018/1/30,108.76,,,,,
2018/1/29,108.95,,,,,
2018/1/26,108.7,,,,,
2018/1/25,109.39,,,,,
2018/1/24,109.21,,,,,
2018/1/23,110.29,,,,,
2018/1/22,110.91,,,,,
2018/1/19,110.76,,,,,
2018/1/18,111.09,,,,,
2018/1/17,111.28,,,,,
2018/1/16,110.44,,,,,
2018/1/15,110.52,,,,,
2018/1/12,111.03,,,,,
2018/1/11,111.24,,,,,
2018/1/10,111.42,,,,,
2018/1/9,112.64,,,,,
2018/1/8,113.08,,,,,
2018/1/5,113.06,,,,,
2018/1/4,112.74,,,,,
2018/1/3,112.49,,,,,
2018/1/2,112.28,,,,,
2018/1/1,112.64,,,,,
2017/12/29,112.67,,,,,
2017/12/28,112.87,,,,,
2017/12/27,113.34,,,,,
2017/12/26,113.22,,,,,
2017/12/25,113.25,,,,,
2017/12/22,113.26,,,,,
2017/12/21,113.32,,,,,
2017/12/20,113.38,,,,,
2017/12/19,112.88,,,,,
2017/12/18,112.53,,,,,
2017/12/15,112.57,,,,,
2017/12/14,112.38,,,,,
2017/12/13,112.53,,,,,
2017/12/12,113.53,,,,,
2017/12/11,113.55,,,,,
2017/12/8,113.48,,,,,
2017/12/7,113.08,,,,,
2017/12/6,112.28,,,,,
2017/12/5,112.58,,,,,
2017/12/4,112.4,,,,,
2017/12/1,112.1,,,,,
2017/11/30,112.52,,,,,
2017/11/29,111.92,,,,,
2017/11/28,111.47,,,,,
2017/11/27,111.09,,,,,
2017/11/24,111.53,,,,,
2017/11/23,111.21,,,,,
2017/11/22,111.2,,,,,
2017/11/21,112.43,,,,,
2017/11/20,112.62,,,,,
2017/11/17,112.07,,,,,
2017/11/16,113.05,,,,,
2017/11/15,112.86,,,,,
2017/11/14,113.44,,,,,
2017/11/13,113.61,,,,,
2017/11/10,113.53,,,,,
2017/11/9,113.46,,,,,
2017/11/8,113.86,,,,,
2017/11/7,114,,,,,
2017/11/6,113.68,,,,,
2017/11/3,114.06,,,,,
2017/11/2,114.08,,,,,
2017/11/1,114.15,,,,,
2017/10/31,113.62,,,,,
2017/10/30,113.17,,,,,
2017/10/27,113.67,,,,,
2017/10/26,113.97,,,,,
2017/10/25,113.73,,,,,
2017/10/24,113.89,,,,,
2017/10/23,113.42,,,,,
2017/10/20,113.5,,,,,
2017/10/19,112.53,,,,,
2017/10/18,112.92,,,,,
2017/10/17,112.19,,,,,
2017/10/16,112.18,,,,,
2017/10/13,111.84,,,,,
2017/10/12,112.27,,,,,
2017/10/11,112.48,,,,,
2017/10/10,112.44,,,,,
2017/10/9,112.66,,,,,
2017/10/6,112.63,,,,,
2017/10/5,112.81,,,,,
2017/10/4,112.74,,,,,
2017/10/3,112.84,,,,,
2017/10/2,112.75,,,,,
2017/9/29,112.47,,,,,
2017/9/28,112.33,,,,,
2017/9/27,112.81,,,,,
2017/9/26,112.22,,,,,
2017/9/25,111.72,,,,,
2017/9/22,111.97,,,,,
2017/9/21,112.46,,,,,
2017/9/20,112.21,,,,,
2017/9/19,111.58,,,,,
2017/9/18,111.56,,,,,
2017/9/15,110.84,,,,,
2017/9/14,110.22,,,,,
2017/9/13,110.47,,,,,
2017/9/12,110.16,,,,,
2017/9/11,109.39,,,,,
2017/9/8,107.83,,,,,
2017/9/7,108.44,,,,,
2017/9/6,109.22,,,,,
2017/9/5,108.8,,,,,
2017/9/4,109.72,,,,,
2017/9/1,110.25,,,,,
2017/8/31,109.96,,,,,
2017/8/30,110.22,,,,,
2017/8/29,109.74,,,,,
2017/8/28,109.24,,,,,
2017/8/25,109.34,,,,,
2017/8/24,109.54,,,,,
2017/8/23,109.02,,,,,
2017/8/22,109.56,,,,,
2017/8/21,108.97,,,,,
2017/8/18,109.17,,,,,
2017/8/17,109.56,,,,,
2017/8/16,110.18,,,,,
2017/8/15,110.66,,,,,
2017/8/14,109.62,,,,,
2017/8/11,109.15,,,,,
2017/8/10,109.2,,,,,
2017/8/9,110.06,,,,,
2017/8/8,110.3,,,,,
2017/8/7,110.73,,,,,
2017/8/4,110.67,,,,,
2017/8/3,110.02,,,,,
2017/8/2,110.72,,,,,
2017/8/1,110.35,,,,,
2017/7/31,110.25,,,,,
2017/7/28,110.65,,,,,
2017/7/27,111.22,,,,,
2017/7/26,111.15,,,,,
2017/7/25,111.88,,,,,
2017/7/24,111.09,,,,,
2017/7/21,111.1,,,,,
2017/7/20,111.89,,,,,
2017/7/19,111.95,,,,,
2017/7/18,112.06,,,,,
2017/7/17,112.62,,,,,
2017/7/14,112.5,,,,,
2017/7/13,113.27,,,,,
2017/7/12,113.13,,,,,
2017/7/11,113.92,,,,,
2017/7/10,114.03,,,,,
2017/7/7,113.88,,,,,
2017/7/6,113.2,,,,,
2017/7/5,113.25,,,,,
2017/7/4,113.26,,,,,
2017/7/3,113.37,,,,,
2017/6/30,112.35,,,,,
2017/6/29,112.16,,,,,
2017/6/28,112.28,,,,,
2017/6/27,112.34,,,,,
2017/6/26,111.83,,,,,
2017/6/23,111.26,,,,,
2017/6/22,111.32,,,,,
2017/6/21,111.37,,,,,
2017/6/20,111.42,,,,,
2017/6/19,111.51,,,,,
2017/6/16,110.84,,,,,
2017/6/15,110.91,,,,,
2017/6/14,109.56,,,,,
2017/6/13,110.05,,,,,
2017/6/12,109.92,,,,,
2017/6/9,110.33,,,,,
2017/6/8,109.97,,,,,
2017/6/7,109.79,,,,,
2017/6/6,109.4,,,,,
2017/6/5,110.45,,,,,
2017/6/2,110.4,,,,,
2017/6/1,111.34,,,,,
2017/5/31,110.75,,,,,
2017/5/30,110.82,,,,,
2017/5/29,111.24,,,,,
2017/5/26,111.31,,,,,
2017/5/25,111.82,,,,,
2017/5/24,111.49,,,,,
2017/5/23,111.77,,,,,
2017/5/22,111.27,,,,,
2017/5/19,111.26,,,,,
2017/5/18,111.47,,,,,
2017/5/17,110.8,,,,,
2017/5/16,113.11,,,,,
2017/5/15,113.77,,,,,
2017/5/12,113.33,,,,,
2017/5/11,113.84,,,,,
2017/5/10,114.27,,,,,
2017/5/9,113.98,,,,,
2017/5/8,113.24,,,,,
2017/5/5,112.71,,,,,
2017/5/4,112.45,,,,,
2017/5/3,112.73,,,,,
2017/5/2,111.96,,,,,
2017/5/1,111.83,,,,,
2017/4/28,111.53,,,,,
2017/4/27,111.25,,,,,
2017/4/26,111.03,,,,,
2017/4/25,111.08,,,,,
2017/4/24,109.75,,,,,
2017/4/21,109.07,,,,,
2017/4/20,109.31,,,,,
2017/4/19,108.85,,,,,
2017/4/18,108.4,,,,,
2017/4/17,108.89,,,,,
2017/4/14,108.61,,,,,
2017/4/13,109.08,,,,,
2017/4/12,109,,,,,
2017/4/11,109.6,,,,,
2017/4/10,110.93,,,,,
2017/4/7,111.05,,,,,
2017/4/6,110.8,,,,,
2017/4/5,110.68,,,,,
2017/4/4,110.72,,,,,
2017/4/3,110.87,,,,,
2017/3/31,111.38,,,,,
2017/3/30,111.89,,,,,
2017/3/29,111.03,,,,,
2017/3/28,111.12,,,,,
2017/3/27,110.65,,,,,
2017/3/24,111.33,,,,,
2017/3/23,110.93,,,,,
2017/3/22,111.14,,,,,
2017/3/21,111.71,,,,,
2017/3/20,112.55,,,,,
2017/3/17,112.7,,,,,
2017/3/16,113.3,,,,,
2017/3/15,113.35,,,,,
2017/3/14,114.73,,,,,
2017/3/13,114.87,,,,,
2017/3/10,114.74,,,,,
2017/3/9,114.91,,,,,
2017/3/8,114.32,,,,,
2017/3/7,113.96,,,,,
2017/3/6,113.87,,,,,
2017/3/3,113.99,,,,,
2017/3/2,114.38,,,,,
2017/3/1,113.71,,,,,
2017/2/28,112.75,,,,,
2017/2/27,112.67,,,,,
2017/2/24,112.18,,,,,
2017/2/23,112.57,,,,,
2017/2/22,113.27,,,,,
2017/2/21,113.67,,,,,
2017/2/20,113.07,,,,,
2017/2/17,112.85,,,,,
2017/2/16,113.2,,,,,
2017/2/15,114.15,,,,,
2017/2/14,114.25,,,,,
2017/2/13,113.73,,,,,
2017/2/10,113.19,,,,,
2017/2/9,113.22,,,,,
2017/2/8,111.93,,,,,
2017/2/7,112.37,,,,,
2017/2/6,111.71,,,,,
2017/2/3,112.7,,,,,
2017/2/2,112.8,,,,,
2017/2/1,113.23,,,,,
2017/1/31,112.78,,,,,
2017/1/30,113.76,,,,,
2017/1/27,115.06,,,,,
2017/1/26,114.52,,,,,
2017/1/25,113.27,,,,,
2017/1/24,113.78,,,,,
2017/1/23,112.68,,,,,
2017/1/20,114.6,,,,,
2017/1/19,114.86,,,,,
2017/1/18,114.65,,,,,
2017/1/17,112.62,,,,,
2017/1/16,114.18,,,,,
2017/1/13,114.51,,,,,
2017/1/12,114.7,,,,,
2017/1/11,115.4,,,,,
2017/1/10,115.76,,,,,
2017/1/9,116.01,,,,,
2017/1/6,116.91,,,,,
2017/1/5,115.34,,,,,
2017/1/4,117.24,,,,,
2017/1/3,117.74,,,,,
2017/1/2,117.51,,,,,
2016/12/30,116.87,,,,,
2016/12/29,116.53,,,,,
2016/12/28,117.24,,,,,
2016/12/27,117.39,,,,,
2016/12/26,117.07,,,,,
2016/12/23,117.31,,,,,
2016/12/22,117.51,,,,,
2016/12/21,117.54,,,,,
2016/12/20,117.84,,,,,
2016/12/19,117.07,,,,,
2016/12/16,117.98,,,,,
2016/12/15,118.16,,,,,
2016/12/14,117.03,,,,,
2016/12/13,115.16,,,,,
2016/12/12,115.02,,,,,
2016/12/9,115.36,,,,,
2016/12/8,114.01,,,,,
2016/12/7,113.75,,,,,
2016/12/6,113.98,,,,,
2016/12/5,113.82,,,,,
2016/12/2,113.54,,,,,
2016/12/1,114.08,,,,,
2016/11/30,114.44,,,,,
2016/11/29,112.36,,,,,
2016/11/28,111.92,,,,,
2016/11/25,113.06,,,,,
2016/11/24,113.29,,,,,
2016/11/23,112.5,,,,,
2016/11/22,111.12,,,,,
2016/11/21,110.79,,,,,
2016/11/18,110.91,,,,,
2016/11/17,110.08,,,,,
2016/11/16,109.06,,,,,
2016/11/15,109.15,,,,,
2016/11/14,108.41,,,,,
2016/11/11,106.67,,,,,
2016/11/10,106.81,,,,,
2016/11/9,105.65,,,,,
2016/11/8,105.14,,,,,
2016/11/7,104.45,,,,,
2016/11/4,103.12,,,,,
2016/11/3,102.97,,,,,
2016/11/2,103.29,,,,,
2016/11/1,104.12,,,,,
2016/10/31,104.81,,,,,
2016/10/28,104.69,,,,,
2016/10/27,105.28,,,,,
2016/10/26,104.46,,,,,
2016/10/25,104.22,,,,,
2016/10/24,104.17,,,,,
2016/10/21,103.8,,,,,
2016/10/20,103.94,,,,,
2016/10/19,103.44,,,,,
2016/10/18,103.85,,,,,
2016/10/17,103.89,,,,,
2016/10/14,104.18,,,,,
2016/10/13,103.68,,,,,
2016/10/12,104.18,,,,,
2016/10/11,103.5,,,,,
2016/10/10,103.58,,,,,
2016/10/7,102.9,,,,,
2016/10/6,103.93,,,,,
2016/10/5,103.49,,,,,
2016/10/4,102.88,,,,,
2016/10/3,101.61,,,,,
2016/9/30,101.33,,,,,
2016/9/29,101.01,,,,,
2016/9/28,100.65,,,,,
2016/9/27,100.43,,,,,
2016/9/26,100.32,,,,,
2016/9/23,100.98,,,,,
2016/9/22,100.73,,,,,
2016/9/21,100.29,,,,,
2016/9/20,101.69,,,,,
2016/9/19,101.92,,,,,
2016/9/16,102.28,,,,,
2016/9/15,102.09,,,,,
2016/9/14,102.4,,,,,
2016/9/13,102.53,,,,,
2016/9/12,101.84,,,,,
2016/9/9,102.68,,,,,
2016/9/8,102.48,,,,,
2016/9/7,101.71,,,,,
2016/9/6,101.98,,,,,
2016/9/5,103.42,,,,,
2016/9/2,103.97,,,,,
2016/9/1,103.23,,,,,
2016/8/31,103.42,,,,,
2016/8/30,102.95,,,,,
2016/8/29,101.9,,,,,
2016/8/26,101.82,,,,,
2016/8/25,100.51,,,,,
2016/8/24,100.43,,,,,
2016/8/23,100.23,,,,,
2016/8/22,100.32,,,,,
2016/8/19,100.2,,,,,
2016/8/18,99.87,,,,,
2016/8/17,100.24,,,,,
2016/8/16,100.28,,,,,
2016/8/15,101.24,,,,,
2016/8/12,101.29,,,,,
2016/8/11,101.95,,,,,
2016/8/10,101.27,,,,,
2016/8/9,101.89,,,,,
2016/8/8,102.43,,,,,
2016/8/5,101.8,,,,,
2016/8/4,101.2,,,,,
2016/8/3,101.22,,,,,
2016/8/2,100.88,,,,,
2016/8/1,102.38,,,,,
2016/7/29,102.05,,,,,
2016/7/28,105.24,,,,,
2016/7/27,105.39,,,,,
2016/7/26,104.64,,,,,
2016/7/25,105.76,,,,,
2016/7/22,106.06,,,,,
2016/7/21,105.8,,,,,
2016/7/20,106.82,,,,,
2016/7/19,106.11,,,,,
2016/7/18,106.15,,,,,
2016/7/15,104.83,,,,,
2016/7/14,105.32,,,,,
2016/7/13,104.48,,,,,
2016/7/12,104.69,,,,,
2016/7/11,102.79,,,,,
2016/7/8,100.53,,,,,
2016/7/7,100.75,,,,,
2016/7/6,101.31,,,,,
2016/7/5,101.7,,,,,
2016/7/4,102.55,,,,,
2016/7/1,102.51,,,,,
2016/6/30,103.25,,,,,
2016/6/29,102.81,,,,,
2016/6/28,102.74,,,,,
2016/6/27,101.99,,,,,
2016/6/24,102.19,,,,,
2016/6/23,106.13,,,,,
2016/6/22,104.39,,,,,
2016/6/21,104.73,,,,,
2016/6/20,103.92,,,,,
2016/6/17,104.1,,,,,
2016/6/16,104.24,,,,,
2016/6/15,106,,,,,
2016/6/14,106.1,,,,,
2016/6/13,106.23,,,,,
2016/6/10,106.96,,,,,
2016/6/9,107.08,,,,,
2016/6/8,106.97,,,,,
2016/6/7,107.33,,,,,
2016/6/6,107.55,,,,,
2016/6/3,106.51,,,,,
2016/6/2,108.85,,,,,
2016/6/1,109.52,,,,,
2016/5/31,110.68,,,,,
2016/5/30,111.11,,,,,
2016/5/27,110.22,,,,,
2016/5/26,109.75,,,,,
2016/5/25,110.18,,,,,
2016/5/24,109.98,,,,,
2016/5/23,109.22,,,,,
2016/5/20,110.14,,,,,
2016/5/19,109.95,,,,,
2016/5/18,110.18,,,,,
2016/5/17,109.12,,,,,
2016/5/16,109.01,,,,,
2016/5/13,108.6,,,,,
2016/5/12,109.01,,,,,
2016/5/11,108.41,,,,,
2016/5/10,109.25,,,,,
2016/5/9,108.31,,,,,
2016/5/6,107.1,,,,,
2016/5/5,107.24,,,,,
2016/5/4,107,,,,,
2016/5/3,106.59,,,,,
2016/5/2,106.4,,,,,
2016/4/29,106.35,,,,,
2016/4/28,108.08,,,,,
2016/4/27,111.45,,,,,
2016/4/26,111.3,,,,,
2016/4/25,111.19,,,,,
2016/4/22,111.78,,,,,
2016/4/21,109.44,,,,,
2016/4/20,109.83,,,,,
2016/4/19,109.17,,,,,
2016/4/18,108.81,,,,,
2016/4/15,108.73,,,,,
2016/4/14,109.37,,,,,
2016/4/13,109.33,,,,,
2016/4/12,108.53,,,,,
2016/4/11,107.93,,,,,
2016/4/8,108.03,,,,,
2016/4/7,108.2,,,,,
2016/4/6,109.78,,,,,
2016/4/5,110.31,,,,,
2016/4/4,111.31,,,,,
2016/4/1,111.65,,,,,
2016/3/31,112.56,,,,,
2016/3/30,112.42,,,,,
2016/3/29,112.68,,,,,
2016/3/28,113.43,,,,,
2016/3/25,113.04,,,,,
2016/3/24,112.89,,,,,
2016/3/23,112.35,,,,,
2016/3/22,112.36,,,,,
2016/3/21,111.93,,,,,
2016/3/18,111.55,,,,,
2016/3/17,111.37,,,,,
2016/3/16,112.57,,,,,
2016/3/15,113.17,,,,,
2016/3/14,113.81,,,,,
2016/3/11,113.8,,,,,
2016/3/10,113.18,,,,,
2016/3/9,113.31,,,,,
2016/3/8,112.61,,,,,
2016/3/7,113.43,,,,,
2016/3/4,113.75,,,,,
2016/3/3,113.67,,,,,
2016/3/2,113.45,,,,,
2016/3/1,113.98,,,,,
2016/2/29,112.66,,,,,
2016/2/26,113.99,,,,,
2016/2/25,112.98,,,,,
2016/2/24,112.17,,,,,
2016/2/23,112.1,,,,,
2016/2/22,112.91,,,,,
2016/2/19,112.54,,,,,
2016/2/18,113.23,,,,,
2016/2/17,114.08,,,,,
2016/2/16,114.06,,,,,
2016/2/15,114.57,,,,,
2016/2/12,113.2,,,,,
2016/2/11,112.41,,,,,
2016/2/10,113.32,,,,,
2016/2/9,115.1,,,,,
2016/2/8,115.84,,,,,
2016/2/5,116.89,,,,,
2016/2/4,116.74,,,,,
2016/2/3,117.88,,,,,
2016/2/2,119.94,,,,,
2016/2/1,120.97,,,,,
2016/1/29,121.03,,,,,
2016/1/28,118.81,,,,,
2016/1/27,118.66,,,,,
2016/1/26,118.41,,,,,
2016/1/25,118.28,,,,,
2016/1/22,118.77,,,,,
2016/1/21,117.68,,,,,
2016/1/20,116.91,,,,,
2016/1/19,117.62,,,,,
2016/1/18,117.31,,,,,
2016/1/15,117.05,,,,,
2016/1/14,118.04,,,,,
2016/1/13,117.66,,,,,
2016/1/12,117.62,,,,,
2016/1/11,117.75,,,,,
2016/1/8,117.44,,,,,
2016/1/7,117.66,,,,,
2016/1/6,118.46,,,,,
2016/1/5,119.05,,,,,
2016/1/4,119.42,,,,,
2016/1/1,120.3,,,,,
2015/12/31,120.3,,,,,
2015/12/30,120.49,,,,,
2015/12/29,120.46,,,,,
2015/12/28,120.38,,,,,
2015/12/25,120.4,,,,,
2015/12/24,120.42,,,,,
2015/12/23,120.91,,,,,
2015/12/22,121.05,,,,,
2015/12/21,121.15,,,,,
2015/12/18,121.2,,,,,
2015/12/17,122.55,,,,,
2015/12/16,122.2,,,,,
2015/12/15,121.65,,,,,
2015/12/14,121.02,,,,,
2015/12/11,120.86,,,,,
2015/12/10,121.58,,,,,
2015/12/9,121.42,,,,,
2015/12/8,122.9,,,,,
2015/12/7,123.37,,,,,
2015/12/4,123.16,,,,,
2015/12/3,122.59,,,,,
2015/12/2,123.24,,,,,
2015/12/1,122.85,,,,,
2015/11/30,123.08,,,,,
2015/11/27,122.82,,,,,
2015/11/26,122.6,,,,,
2015/11/25,122.7,,,,,
2015/11/24,122.51,,,,,
2015/11/23,122.82,,,,,
2015/11/20,122.89,,,,,
2015/11/19,122.85,,,,,
2015/11/18,123.61,,,,,
2015/11/17,123.43,,,,,
2015/11/16,123.15,,,,,
2015/11/13,122.62,,,,,
2015/11/12,122.59,,,,,
2015/11/11,122.82,,,,,
2015/11/10,123.12,,,,,
2015/11/9,123.17,,,,,
2015/11/6,123.13,,,,,
2015/11/5,121.74,,,,,
2015/11/4,121.53,,,,,
2015/11/3,121.05,,,,,
2015/11/2,120.75,,,,,
2015/10/30,120.61,,,,,
2015/10/29,121.12,,,,,
2015/10/28,121.06,,,,,
2015/10/27,120.45,,,,,
2015/10/26,121.07,,,,,
2015/10/23,121.45,,,,,
2015/10/22,120.66,,,,,
2015/10/21,119.93,,,,,
2015/10/20,119.82,,,,,
2015/10/19,119.48,,,,,
2015/10/16,119.42,,,,,
2015/10/15,118.87,,,,,
2015/10/14,118.82,,,,,
2015/10/13,119.73,,,,,
2015/10/12,120.02,,,,,
2015/10/9,120.25,,,,,
2015/10/8,119.91,,,,,
2015/10/7,120,,,,,
2015/10/6,120.23,,,,,
2015/10/5,120.45,,,,,
2015/10/2,119.89,,,,,
2015/10/1,119.92,,,,,
2015/9/30,119.84,,,,,
2015/9/29,119.71,,,,,
2015/9/28,119.91,,,,,
2015/9/25,120.55,,,,,
2015/9/24,120.06,,,,,
2015/9/23,120.28,,,,,
2015/9/22,120.12,,,,,
2015/9/21,120.53,,,,,
2015/9/18,119.98,,,,,
2015/9/17,119.98,,,,,
2015/9/16,120.55,,,,,
2015/9/15,120.42,,,,,
2015/9/14,120.22,,,,,
2015/9/11,120.55,,,,,
2015/9/10,120.59,,,,,
2015/9/9,120.48,,,,,
2015/9/8,119.78,,,,,
2015/9/7,119.27,,,,,
2015/9/4,118.99,,,,,
2015/9/3,120.06,,,,,
2015/9/2,120.32,,,,,
2015/9/1,119.36,,,,,
2015/8/31,121.22,,,,,
2015/8/28,121.7,,,,,
2015/8/27,121.03,,,,,
2015/8/26,119.9,,,,,
2015/8/25,118.86,,,,,
2015/8/24,118.39,,,,,
2015/8/21,122.01,,,,,
2015/8/20,123.38,,,,,
2015/8/19,123.78,,,,,
2015/8/18,124.39,,,,,
2015/8/17,124.38,,,,,
2015/8/14,124.3,,,,,
2015/8/13,124.41,,,,,
2015/8/12,124.2,,,,,
2015/8/11,125.1,,,,,
2015/8/10,124.61,,,,,
2015/8/7,124.21,,,,,
2015/8/6,124.73,,,,,
2015/8/5,124.88,,,,,
2015/8/4,124.38,,,,,
2015/8/3,124.01,,,,,
2015/7/31,123.92,,,,,
2015/7/30,124.14,,,,,
2015/7/29,123.92,,,,,
2015/7/28,123.55,,,,,
2015/7/27,123.22,,,,,
2015/7/24,123.79,,,,,
2015/7/23,123.89,,,,,
2015/7/22,123.94,,,,,
2015/7/21,123.87,,,,,
2015/7/20,124.25,,,,,
2015/7/17,124.07,,,,,
2015/7/16,124.14,,,,,
2015/7/15,123.76,,,,,
2015/7/14,123.35,,,,,
2015/7/13,123.42,,,,,
2015/7/10,122.74,,,,,
2015/7/9,121.33,,,,,
2015/7/8,120.7,,,,,
2015/7/7,122.53,,,,,
2015/7/6,122.55,,,,,
2015/7/3,122.8,,,,,
2015/7/2,123.04,,,,,
2015/7/1,123.15,,,,,
2015/6/30,122.49,,,,,
2015/6/29,122.53,,,,,
2015/6/26,123.85,,,,,
2015/6/25,123.6,,,,,
2015/6/24,123.84,,,,,
2015/6/23,123.94,,,,,
2015/6/22,123.36,,,,,
2015/6/19,122.65,,,,,
2015/6/18,122.95,,,,,
2015/6/17,123.41,,,,,
2015/6/16,123.34,,,,,
2015/6/15,123.41,,,,,
2015/6/12,123.37,,,,,
2015/6/11,123.39,,,,,
2015/6/10,122.65,,,,,
2015/6/9,124.32,,,,,
2015/6/8,124.47,,,,,
2015/6/5,125.61,,,,,
2015/6/4,124.36,,,,,
2015/6/3,124.24,,,,,
2015/6/2,124.08,,,,,
2015/6/1,124.76,,,,,
2015/5/29,124.11,,,,,
2015/5/28,123.94,,,,,
2015/5/27,123.65,,,,,
2015/5/26,123.08,,,,,
2015/5/25,121.55,,,,,
2015/5/22,121.53,,,,,
2015/5/21,121.02,,,,,
2015/5/20,121.34,,,,,
2015/5/19,120.69,,,,,
2015/5/18,119.98,,,,,
2015/5/15,119.27,,,,,
2015/5/14,119.13,,,,,
2015/5/13,119.14,,,,,
2015/5/12,119.85,,,,,
2015/5/11,120.07,,,,,
2015/5/8,119.79,,,,,
2015/5/7,119.73,,,,,
2015/5/6,119.43,,,,,
2015/5/5,119.82,,,,,
2015/5/4,120.1,,,,,
2015/5/1,120.16,,,,,
2015/4/30,119.34,,,,,
2015/4/29,119.02,,,,,
2015/4/28,118.84,,,,,
2015/4/27,119.03,,,,,
2015/4/24,118.97,,,,,
2015/4/23,119.56,,,,,
2015/4/22,119.9,,,,,
2015/4/21,119.66,,,,,
2015/4/20,119.18,,,,,
2015/4/17,118.9,,,,,
2015/4/16,118.99,,,,,
2015/4/15,119.13,,,,,
2015/4/14,119.36,,,,,
2015/4/13,120.1,,,,,
2015/4/10,120.21,,,,,
2015/4/9,120.57,,,,,
2015/4/8,120.12,,,,,
2015/4/7,120.26,,,,,
2015/4/6,119.52,,,,,
2015/4/3,118.96,,,,,
2015/4/2,119.7,,,,,
2015/4/1,119.75,,,,,
2015/3/31,120.12,,,,,
2015/3/30,120.06,,,,,
2015/3/27,119.1,,,,,
2015/3/26,119.18,,,,,
2015/3/25,119.48,,,,,
2015/3/24,119.72,,,,,
2015/3/23,119.73,,,,,
2015/3/20,120.03,,,,,
2015/3/19,120.78,,,,,
2015/3/18,120.09,,,,,
2015/3/17,121.35,,,,,
2015/3/16,121.32,,,,,
2015/3/13,121.38,,,,,
2015/3/12,121.28,,,,,
2015/3/11,121.44,,,,,
2015/3/10,121.13,,,,,
2015/3/9,121.15,,,,,
2015/3/6,120.83,,,,,
2015/3/5,120.13,,,,,
2015/3/4,119.65,,,,,
2015/3/3,119.72,,,,,
2015/3/2,120.12,,,,,
2015/2/27,119.51,,,,,
2015/2/26,119.41,,,,,
2015/2/25,118.84,,,,,
2015/2/24,118.97,,,,,
2015/2/23,118.81,,,,,
2015/2/20,119.01,,,,,
2015/2/19,118.94,,,,,
2015/2/18,118.78,,,,,
2015/2/17,119.22,,,,,
2015/2/16,118.46,,,,,
2015/2/13,118.72,,,,,
2015/2/12,119.1,,,,,
2015/2/11,120.45,,,,,
2015/2/10,119.41,,,,,
2015/2/9,118.63,,,,,
2015/2/6,118.96,,,,,
2015/2/5,117.51,,,,,
2015/2/4,117.26,,,,,
2015/2/3,117.55,,,,,
2015/2/2,117.58,,,,,
2015/1/30,117.44,,,,,
2015/1/29,118.26,,,,,
2015/1/28,117.53,,,,,
2015/1/27,117.85,,,,,
2015/1/26,118.45,,,,,
2015/1/23,117.74,,,,,
2015/1/22,118.48,,,,,
2015/1/21,117.93,,,,,
2015/1/20,118.79,,,,,
2015/1/19,117.55,,,,,
2015/1/16,117.61,,,,,
2015/1/15,116.16,,,,,
2015/1/14,117.32,,,,,
2015/1/13,117.92,,,,,
2015/1/12,118.32,,,,,
2015/1/9,118.5,,,,,
2015/1/8,119.65,,,,,
2015/1/7,119.25,,,,,
2015/1/6,118.39,,,,,
2015/1/5,119.63,,,,,
