日付,終値,,,,,
2024/7/30,74.73,,,,,
2024/7/29,75.81,,,,,
2024/7/26,77.16,,,,,
2024/7/25,78.28,,,,,
2024/7/24,77.59,,,,,
2024/7/23,76.96,,,,,
2024/7/22,79.78,,,,,
2024/7/19,80.13,,,,,
2024/7/18,82.82,,,,,
2024/7/17,82.85,,,,,
2024/7/16,80.76,,,,,
2024/7/15,81.91,,,,,
2024/7/12,82.21,,,,,
2024/7/11,82.62,,,,,
2024/7/10,82.1,,,,,
2024/7/9,81.41,,,,,
2024/7/8,82.33,,,,,
2024/7/5,83.16,,,,,
2024/7/4,83.94,,,,,
2024/7/3,83.88,,,,,
2024/7/2,82.81,,,,,
2024/7/1,83.38,,,,,
2024/6/28,81.54,,,,,
2024/6/27,81.74,,,,,
2024/6/26,80.9,,,,,
2024/6/25,80.83,,,,,
2024/6/24,81.63,,,,,
2024/6/21,80.73,,,,,
2024/6/20,82.17,,,,,
2024/6/19,80.59,,,,,
2024/6/18,81.57,,,,,
2024/6/17,80.33,,,,,
2024/6/14,78.45,,,,,
2024/6/13,78.62,,,,,
2024/6/12,78.5,,,,,
2024/6/11,77.9,,,,,
2024/6/10,77.74,,,,,
2024/6/7,75.53,,,,,
2024/6/6,75.55,,,,,
2024/6/5,74.07,,,,,
2024/6/4,73.25,,,,,
2024/6/3,74.22,,,,,
2024/5/31,76.99,,,,,
2024/5/30,77.91,,,,,
2024/5/29,79.23,,,,,
2024/5/28,79.83,,,,,
2024/5/27,78.65,,,,,
2024/5/24,77.72,,,,,
2024/5/23,76.87,,,,,
2024/5/22,77.57,,,,,
2024/5/21,79.26,,,,,
2024/5/20,79.8,,,,,
2024/5/17,80.06,,,,,
2024/5/16,79.23,,,,,
2024/5/15,78.63,,,,,
2024/5/14,78.02,,,,,
2024/5/13,79.12,,,,,
2024/5/10,78.26,,,,,
2024/5/9,79.26,,,,,
2024/5/8,78.99,,,,,
2024/5/7,78.38,,,,,
2024/5/6,78.48,,,,,
2024/5/3,78.11,,,,,
2024/5/2,78.95,,,,,
2024/5/1,79,,,,,
2024/4/30,81.93,,,,,
2024/4/29,82.63,,,,,
2024/4/26,83.85,,,,,
2024/4/25,83.57,,,,,
2024/4/24,82.81,,,,,
2024/4/23,83.36,,,,,
2024/4/22,82.85,,,,,
2024/4/19,83.14,,,,,
2024/4/18,82.73,,,,,
2024/4/17,82.69,,,,,
2024/4/16,85.36,,,,,
2024/4/15,85.41,,,,,
2024/4/12,85.66,,,,,
2024/4/11,85.02,,,,,
2024/4/10,86.21,,,,,
2024/4/9,85.23,,,,,
2024/4/8,86.43,,,,,
2024/4/5,86.91,,,,,
2024/4/4,86.59,,,,,
2024/4/3,85.43,,,,,
2024/4/2,85.15,,,,,
2024/4/1,83.71,,,,,
2024/3/28,83.17,,,,,
2024/3/27,81.35,,,,,
2024/3/26,81.62,,,,,
2024/3/25,81.95,,,,,
2024/3/22,80.63,,,,,
2024/3/21,81.07,,,,,
2024/3/20,81.68,,,,,
2024/3/19,83.47,,,,,
2024/3/18,82.72,,,,,
2024/3/15,81.04,,,,,
2024/3/14,81.26,,,,,
2024/3/13,79.72,,,,,
2024/3/12,77.56,,,,,
2024/3/11,77.93,,,,,
2024/3/8,78.01,,,,,
2024/3/7,78.93,,,,,
2024/3/6,79.13,,,,,
2024/3/5,78.15,,,,,
2024/3/4,78.74,,,,,
2024/3/1,79.97,,,,,
2024/2/29,78.26,,,,,
2024/2/28,78.54,,,,,
2024/2/27,78.87,,,,,
2024/2/26,77.58,,,,,
2024/2/23,76.49,,,,,
2024/2/22,78.61,,,,,
2024/2/21,77.91,,,,,
2024/2/20,78.18,,,,,
2024/2/19,78.11,,,,,
2024/2/16,79.19,,,,,
2024/2/15,78.03,,,,,
2024/2/14,76.64,,,,,
2024/2/13,77.87,,,,,
2024/2/12,76.92,,,,,
2024/2/9,76.84,,,,,
2024/2/8,76.22,,,,,
2024/2/7,73.86,,,,,
2024/2/6,73.31,,,,,
2024/2/5,72.78,,,,,
2024/2/2,72.28,,,,,
2024/2/1,73.82,,,,,
2024/1/31,75.85,,,,,
2024/1/30,77.82,,,,,
2024/1/29,76.78,,,,,
2024/1/26,78.01,,,,,
2024/1/25,77.36,,,,,
2024/1/24,75.09,,,,,
2024/1/23,74.37,,,,,
2024/1/22,75.19,,,,,
2024/1/19,73.41,,,,,
2024/1/18,74.08,,,,,
2024/1/17,72.56,,,,,
2024/1/16,72.4,,,,,
2024/1/15,72.79,,,,,
2024/1/12,72.68,,,,,
2024/1/11,72.02,,,,,
2024/1/10,71.37,,,,,
2024/1/9,72.24,,,,,
2024/1/8,70.77,,,,,
2024/1/5,73.81,,,,,
2024/1/4,72.19,,,,,
2024/1/3,72.7,,,,,
2024/1/2,70.38,,,,,
2024/1/1,71.97,,,,,
2023/12/29,71.65,,,,,
2023/12/28,71.77,,,,,
2023/12/27,74.11,,,,,
2023/12/26,75.57,,,,,
2023/12/25,73.79,,,,,
2023/12/22,73.56,,,,,
2023/12/21,73.89,,,,,
2023/12/20,74.22,,,,,
2023/12/19,73.44,,,,,
2023/12/18,72.47,,,,,
2023/12/15,71.43,,,,,
2023/12/14,71.58,,,,,
2023/12/13,69.47,,,,,
2023/12/12,68.61,,,,,
2023/12/11,71.32,,,,,
2023/12/8,71.23,,,,,
2023/12/7,69.34,,,,,
2023/12/6,69.38,,,,,
2023/12/5,72.32,,,,,
2023/12/4,73.04,,,,,
2023/12/1,74.07,,,,,
2023/11/30,75.96,,,,,
2023/11/29,77.86,,,,,
2023/11/28,76.41,,,,,
2023/11/27,74.86,,,,,
2023/11/24,75.54,,,,,
2023/11/23,76.34,,,,,
2023/11/22,77.1,,,,,
2023/11/21,77.77,,,,,
2023/11/20,77.6,,,,,
2023/11/17,75.89,,,,,
2023/11/16,72.9,,,,,
2023/11/15,76.66,,,,,
2023/11/14,78.26,,,,,
2023/11/13,78.26,,,,,
2023/11/10,77.17,,,,,
2023/11/9,75.74,,,,,
2023/11/8,75.33,,,,,
2023/11/7,77.37,,,,,
2023/11/6,80.82,,,,,
2023/11/3,80.51,,,,,
2023/11/2,82.46,,,,,
2023/11/1,80.44,,,,,
2023/10/31,81.02,,,,,
2023/10/30,82.31,,,,,
2023/10/27,85.54,,,,,
2023/10/26,83.21,,,,,
2023/10/25,85.39,,,,,
2023/10/24,83.74,,,,,
2023/10/23,85.49,,,,,
2023/10/20,88.75,,,,,
2023/10/19,89.37,,,,,
2023/10/18,88.32,,,,,
2023/10/17,86.66,,,,,
2023/10/16,86.66,,,,,
2023/10/13,87.69,,,,,
2023/10/12,82.91,,,,,
2023/10/11,83.49,,,,,
2023/10/10,85.97,,,,,
2023/10/9,86.38,,,,,
2023/10/6,82.79,,,,,
2023/10/5,82.31,,,,,
2023/10/4,84.22,,,,,
2023/10/3,89.23,,,,,
2023/10/2,88.82,,,,,
2023/9/29,90.79,,,,,
2023/9/28,91.71,,,,,
2023/9/27,93.68,,,,,
2023/9/26,90.39,,,,,
2023/9/25,89.68,,,,,
2023/9/22,90.03,,,,,
2023/9/21,89.63,,,,,
2023/9/20,90.28,,,,,
2023/9/19,91.2,,,,,
2023/9/18,91.48,,,,,
2023/9/15,90.77,,,,,
2023/9/14,90.16,,,,,
2023/9/13,88.52,,,,,
2023/9/12,88.84,,,,,
2023/9/11,87.29,,,,,
2023/9/8,87.51,,,,,
2023/9/7,86.87,,,,,
2023/9/6,87.54,,,,,
2023/9/5,86.69,,,,,
2023/9/4,85.82,,,,,
2023/9/3,85.85,,,,,
2023/9/1,85.55,,,,,
2023/8/31,83.63,,,,,
2023/8/30,81.63,,,,,
2023/8/29,81.16,,,,,
2023/8/28,80.1,,,,,
2023/8/25,79.83,,,,,
2023/8/24,79.05,,,,,
2023/8/23,78.89,,,,,
2023/8/22,80.35,,,,,
2023/8/21,80.72,,,,,
2023/8/18,81.25,,,,,
2023/8/17,80.39,,,,,
2023/8/16,79.38,,,,,
2023/8/15,80.99,,,,,
2023/8/14,82.51,,,,,
2023/8/11,83.19,,,,,
2023/8/10,82.82,,,,,
2023/8/9,84.4,,,,,
2023/8/8,82.92,,,,,
2023/8/7,81.94,,,,,
2023/8/4,82.82,,,,,
2023/8/3,81.55,,,,,
2023/8/2,79.49,,,,,
2023/8/1,81.37,,,,,
2023/7/31,81.8,,,,,
2023/7/28,80.58,,,,,
2023/7/27,80.09,,,,,
2023/7/26,78.78,,,,,
2023/7/25,79.63,,,,,
2023/7/24,78.74,,,,,
2023/7/21,77.07,,,,,
2023/7/20,75.63,,,,,
2023/7/19,75.35,,,,,
2023/7/18,75.75,,,,,
2023/7/17,74.15,,,,,
2023/7/14,75.42,,,,,
2023/7/13,76.89,,,,,
2023/7/12,75.75,,,,,
2023/7/11,74.83,,,,,
2023/7/10,72.99,,,,,
2023/7/7,73.86,,,,,
2023/7/6,71.8,,,,,
2023/7/5,71.79,,,,,
2023/7/4,71.06,,,,,
2023/7/3,69.79,,,,,
2023/6/30,70.64,,,,,
2023/6/29,69.86,,,,,
2023/6/28,69.56,,,,,
2023/6/27,67.7,,,,,
2023/6/26,69.37,,,,,
2023/6/23,69.16,,,,,
2023/6/22,69.51,,,,,
2023/6/21,72.53,,,,,
2023/6/20,70.5,,,,,
2023/6/19,71.31,,,,,
2023/6/18,71.47,,,,,
2023/6/16,71.78,,,,,
2023/6/15,70.62,,,,,
2023/6/14,68.27,,,,,
2023/6/13,69.42,,,,,
2023/6/12,67.12,,,,,
2023/6/9,70.17,,,,,
2023/6/8,71.29,,,,,
2023/6/7,72.53,,,,,
2023/6/6,71.74,,,,,
2023/6/5,72.15,,,,,
2023/6/2,71.74,,,,,
2023/6/1,70.1,,,,,
2023/5/31,68.09,,,,,
2023/5/30,69.46,,,,,
2023/5/29,72.87,,,,,
2023/5/28,73.22,,,,,
2023/5/26,72.67,,,,,
2023/5/25,71.83,,,,,
2023/5/24,74.34,,,,,
2023/5/23,72.91,,,,,
2023/5/22,71.99,,,,,
2023/5/19,71.55,,,,,
2023/5/18,71.86,,,,,
2023/5/17,72.83,,,,,
2023/5/16,70.86,,,,,
2023/5/15,71.11,,,,,
2023/5/12,70.04,,,,,
2023/5/11,70.87,,,,,
2023/5/10,72.56,,,,,
2023/5/9,73.71,,,,,
2023/5/8,73.16,,,,,
2023/5/5,71.34,,,,,
2023/5/4,68.56,,,,,
2023/5/3,68.6,,,,,
2023/5/2,71.66,,,,,
2023/5/1,75.66,,,,,
2023/4/28,76.78,,,,,
2023/4/27,74.76,,,,,
2023/4/26,74.3,,,,,
2023/4/25,77.07,,,,,
2023/4/24,78.76,,,,,
2023/4/21,77.87,,,,,
2023/4/20,77.29,,,,,
2023/4/19,79.16,,,,,
2023/4/18,80.86,,,,,
2023/4/17,80.83,,,,,
2023/4/14,82.52,,,,,
2023/4/13,82.16,,,,,
2023/4/12,83.26,,,,,
2023/4/11,81.53,,,,,
2023/4/10,79.74,,,,,
2023/4/6,80.7,,,,,
2023/4/5,80.61,,,,,
2023/4/4,80.71,,,,,
2023/4/3,80.42,,,,,
2023/3/31,75.67,,,,,
2023/3/30,74.37,,,,,
2023/3/29,72.97,,,,,
2023/3/28,73.2,,,,,
2023/3/27,72.81,,,,,
2023/3/24,69.26,,,,,
2023/3/23,69.96,,,,,
2023/3/22,70.9,,,,,
2023/3/21,69.33,,,,,
2023/3/20,67.64,,,,,
2023/3/17,66.74,,,,,
2023/3/16,68.35,,,,,
2023/3/15,67.61,,,,,
2023/3/14,71.33,,,,,
2023/3/13,74.8,,,,,
2023/3/10,76.68,,,,,
2023/3/9,75.72,,,,,
2023/3/8,76.66,,,,,
2023/3/7,77.58,,,,,
2023/3/6,80.46,,,,,
2023/3/3,79.68,,,,,
2023/3/2,78.16,,,,,
2023/3/1,77.69,,,,,
2023/2/28,77.05,,,,,
2023/2/27,75.68,,,,,
2023/2/24,76.32,,,,,
2023/2/23,75.39,,,,,
2023/2/22,73.95,,,,,
2023/2/21,76.16,,,,,
2023/2/20,77.3,,,,,
2023/2/19,76.67,,,,,
2023/2/17,76.34,,,,,
2023/2/16,78.49,,,,,
2023/2/15,78.59,,,,,
2023/2/14,79.06,,,,,
2023/2/13,80.14,,,,,
2023/2/10,79.72,,,,,
2023/2/9,78.06,,,,,
2023/2/8,78.47,,,,,
2023/2/7,77.14,,,,,
2023/2/6,74.11,,,,,
2023/2/3,73.39,,,,,
2023/2/2,75.88,,,,,
2023/2/1,76.41,,,,,
2023/1/31,78.87,,,,,
2023/1/30,77.9,,,,,
2023/1/27,79.68,,,,,
2023/1/26,81.01,,,,,
2023/1/25,80.15,,,,,
2023/1/24,80.13,,,,,
2023/1/23,81.62,,,,,
2023/1/20,81.31,,,,,
2023/1/19,80.33,,,,,
2023/1/18,79.48,,,,,
2023/1/17,80.18,,,,,
2023/1/16,79.04,,,,,
2023/1/15,79.78,,,,,
2023/1/13,79.86,,,,,
2023/1/12,78.39,,,,,
2023/1/11,77.41,,,,,
2023/1/10,75.12,,,,,
2023/1/9,74.63,,,,,
2023/1/6,73.77,,,,,
2023/1/5,73.67,,,,,
2023/1/4,72.84,,,,,
2023/1/3,76.93,,,,,
2023/1/2,80.47,,,,,
2022/12/30,80.26,,,,,
2022/12/29,78.4,,,,,
2022/12/28,78.96,,,,,
2022/12/27,79.53,,,,,
2022/12/26,80.97,,,,,
2022/12/23,79.56,,,,,
2022/12/22,77.49,,,,,
2022/12/21,78.29,,,,,
2022/12/20,76.09,,,,,
2022/12/19,75.19,,,,,
2022/12/16,74.29,,,,,
2022/12/15,76.11,,,,,
2022/12/14,77.28,,,,,
2022/12/13,75.39,,,,,
2022/12/12,73.17,,,,,
2022/12/9,71.02,,,,,
2022/12/8,71.46,,,,,
2022/12/7,72.01,,,,,
2022/12/6,74.25,,,,,
2022/12/5,76.93,,,,,
2022/12/2,79.98,,,,,
2022/12/1,81.22,,,,,
2022/11/30,80.55,,,,,
2022/11/29,78.2,,,,,
2022/11/28,77.24,,,,,
2022/11/25,76.28,,,,,
2022/11/24,77.95,,,,,
2022/11/23,77.94,,,,,
2022/11/22,80.95,,,,,
2022/11/21,79.73,,,,,
2022/11/18,80.08,,,,,
2022/11/17,81.64,,,,,
2022/11/16,85.59,,,,,
2022/11/15,86.92,,,,,
2022/11/14,85.87,,,,,
2022/11/11,88.96,,,,,
2022/11/10,86.47,,,,,
2022/11/9,85.83,,,,,
2022/11/8,88.91,,,,,
2022/11/7,91.79,,,,,
2022/11/4,92.61,,,,,
2022/11/3,88.17,,,,,
2022/11/2,90,,,,,
2022/11/1,88.37,,,,,
2022/10/31,86.53,,,,,
2022/10/28,87.9,,,,,
2022/10/27,89.08,,,,,
2022/10/26,87.91,,,,,
2022/10/25,85.32,,,,,
2022/10/24,84.58,,,,,
2022/10/21,85.05,,,,,
2022/10/20,85.98,,,,,
2022/10/19,85.55,,,,,
2022/10/18,82.82,,,,,
2022/10/17,85.46,,,,,
2022/10/14,85.61,,,,,
2022/10/13,89.11,,,,,
2022/10/12,87.27,,,,,
2022/10/11,89.35,,,,,
2022/10/10,91.13,,,,,
2022/10/7,92.64,,,,,
2022/10/6,88.45,,,,,
2022/10/5,87.76,,,,,
2022/10/4,86.52,,,,,
2022/10/3,83.63,,,,,
2022/9/30,79.49,,,,,
2022/9/29,81.23,,,,,
2022/9/28,82.15,,,,,
2022/9/27,78.5,,,,,
2022/9/26,76.71,,,,,
2022/9/23,78.74,,,,,
2022/9/22,83.49,,,,,
2022/9/21,82.94,,,,,
2022/9/20,84.45,,,,,
2022/9/19,85.73,,,,,
2022/9/16,85.11,,,,,
2022/9/15,85.1,,,,,
2022/9/14,88.48,,,,,
2022/9/13,87.31,,,,,
2022/9/12,87.78,,,,,
2022/9/9,86.79,,,,,
2022/9/8,83.54,,,,,
2022/9/7,81.94,,,,,
2022/9/6,86.88,,,,,
2022/9/5,88.96,,,,,
2022/9/4,88.25,,,,,
2022/9/2,86.87,,,,,
2022/9/1,86.61,,,,,
2022/8/31,89.55,,,,,
2022/8/30,91.64,,,,,
2022/8/29,97.01,,,,,
2022/8/26,93.06,,,,,
2022/8/25,92.52,,,,,
2022/8/24,94.89,,,,,
2022/8/23,93.74,,,,,
2022/8/22,90.23,,,,,
2022/8/19,90.77,,,,,
2022/8/18,90.5,,,,,
2022/8/17,88.11,,,,,
2022/8/16,86.53,,,,,
2022/8/15,89.41,,,,,
2022/8/12,92.09,,,,,
2022/8/11,94.34,,,,,
2022/8/10,91.93,,,,,
2022/8/9,90.5,,,,,
2022/8/8,90.76,,,,,
2022/8/5,89.01,,,,,
2022/8/4,88.54,,,,,
2022/8/3,90.66,,,,,
2022/8/2,94.42,,,,,
2022/8/1,93.89,,,,,
2022/7/29,98.62,,,,,
2022/7/28,96.42,,,,,
2022/7/27,97.26,,,,,
2022/7/26,94.98,,,,,
2022/7/25,96.7,,,,,
2022/7/22,94.7,,,,,
2022/7/21,96.35,,,,,
2022/7/20,102.26,,,,,
2022/7/19,104.22,,,,,
2022/7/18,102.6,,,,,
2022/7/15,97.59,,,,,
2022/7/14,95.78,,,,,
2022/7/13,96.3,,,,,
2022/7/12,95.84,,,,,
2022/7/11,104.09,,,,,
2022/7/8,104.79,,,,,
2022/7/7,102.73,,,,,
2022/7/6,98.53,,,,,
2022/7/5,99.5,,,,,
2022/7/4,110.4,,,,,
2022/7/3,108.19,,,,,
2022/7/1,108.43,,,,,
2022/6/30,105.76,,,,,
2022/6/29,109.78,,,,,
2022/6/28,111.76,,,,,
2022/6/27,109.57,,,,,
2022/6/24,107.62,,,,,
2022/6/23,104.27,,,,,
2022/6/22,106.19,,,,,
2022/6/21,110.65,,,,,
2022/6/20,108.84,,,,,
2022/6/19,108.94,,,,,
2022/6/17,109.56,,,,,
2022/6/16,117.59,,,,,
2022/6/15,115.31,,,,,
2022/6/14,118.93,,,,,
2022/6/13,120.93,,,,,
2022/6/10,120.67,,,,,
2022/6/9,121.51,,,,,
2022/6/8,122.11,,,,,
2022/6/7,119.41,,,,,
2022/6/6,118.5,,,,,
2022/6/3,118.87,,,,,
2022/6/2,116.87,,,,,
2022/6/1,115.26,,,,,
2022/5/31,114.67,,,,,
2022/5/30,117.61,,,,,
2022/5/29,115.61,,,,,
2022/5/27,115.07,,,,,
2022/5/26,114.09,,,,,
2022/5/25,110.33,,,,,
2022/5/24,109.77,,,,,
2022/5/23,110.29,,,,,
2022/5/20,113.23,,,,,
2022/5/19,112.21,,,,,
2022/5/18,109.59,,,,,
2022/5/17,112.4,,,,,
2022/5/16,114.2,,,,,
2022/5/13,110.49,,,,,
2022/5/12,106.13,,,,,
2022/5/11,105.71,,,,,
2022/5/10,99.76,,,,,
2022/5/9,103.09,,,,,
2022/5/6,109.77,,,,,
2022/5/5,108.26,,,,,
2022/5/4,107.81,,,,,
2022/5/3,102.41,,,,,
2022/5/2,105.17,,,,,
2022/4/29,104.69,,,,,
2022/4/28,105.36,,,,,
2022/4/27,102.02,,,,,
2022/4/26,101.7,,,,,
2022/4/25,98.54,,,,,
2022/4/22,102.07,,,,,
2022/4/21,103.79,,,,,
2022/4/20,102.75,,,,,
2022/4/19,102.56,,,,,
2022/4/18,108.21,,,,,
2022/4/14,106.95,,,,,
2022/4/13,104.25,,,,,
2022/4/12,100.6,,,,,
2022/4/11,94.29,,,,,
2022/4/8,98.26,,,,,
2022/4/7,96.03,,,,,
2022/4/6,96.23,,,,,
2022/4/5,101.96,,,,,
2022/4/4,103.28,,,,,
2022/4/1,99.27,,,,,
2022/3/31,100.28,,,,,
2022/3/30,107.82,,,,,
2022/3/29,104.24,,,,,
2022/3/28,105.96,,,,,
2022/3/25,113.9,,,,,
2022/3/24,112.34,,,,,
2022/3/23,114.93,,,,,
2022/3/22,111.76,,,,,
2022/3/21,112.12,,,,,
2022/3/18,104.7,,,,,
2022/3/17,102.98,,,,,
2022/3/16,95.04,,,,,
2022/3/15,96.44,,,,,
2022/3/14,103.01,,,,,
2022/3/11,109.33,,,,,
2022/3/10,106.02,,,,,
2022/3/9,108.7,,,,,
2022/3/8,123.7,,,,,
2022/3/7,119.4,,,,,
2022/3/4,115.68,,,,,
2022/3/3,107.67,,,,,
2022/3/2,110.6,,,,,
2022/3/1,103.41,,,,,
2022/2/28,95.72,,,,,
2022/2/25,91.59,,,,,
2022/2/24,92.81,,,,,
2022/2/23,92.1,,,,,
2022/2/22,92.35,,,,,
2022/2/21,92.65,,,,,
2022/2/20,91.62,,,,,
2022/2/18,91.07,,,,,
2022/2/17,91.76,,,,,
2022/2/16,93.66,,,,,
2022/2/15,92.07,,,,,
2022/2/14,95.46,,,,,
2022/2/11,93.1,,,,,
2022/2/10,89.88,,,,,
2022/2/9,89.66,,,,,
2022/2/8,89.36,,,,,
2022/2/7,91.32,,,,,
2022/2/4,92.31,,,,,
2022/2/3,90.27,,,,,
2022/2/2,88.26,,,,,
2022/2/1,88.2,,,,,
2022/1/31,88.15,,,,,
2022/1/28,86.82,,,,,
2022/1/27,86.61,,,,,
2022/1/26,87.35,,,,,
2022/1/25,85.6,,,,,
2022/1/24,83.31,,,,,
2022/1/21,85.14,,,,,
2022/1/20,86.9,,,,,
2022/1/19,86.96,,,,,
2022/1/18,85.43,,,,,
2022/1/17,83.69,,,,,
2022/1/16,83.83,,,,,
2022/1/14,83.82,,,,,
2022/1/13,82.12,,,,,
2022/1/12,82.64,,,,,
2022/1/11,81.22,,,,,
2022/1/10,78.23,,,,,
2022/1/7,78.9,,,,,
2022/1/6,79.46,,,,,
2022/1/5,77.85,,,,,
2022/1/4,76.99,,,,,
2022/1/3,76.08,,,,,
2021/12/31,75.21,,,,,
2021/12/30,76.99,,,,,
2021/12/29,76.56,,,,,
2021/12/28,75.98,,,,,
2021/12/27,75.57,,,,,
2021/12/23,73.79,,,,,
2021/12/22,72.76,,,,,
2021/12/21,71.12,,,,,
2021/12/20,68.23,,,,,
2021/12/17,70.86,,,,,
2021/12/16,72.38,,,,,
2021/12/15,70.87,,,,,
2021/12/14,70.73,,,,,
2021/12/13,71.29,,,,,
2021/12/10,71.67,,,,,
2021/12/9,70.94,,,,,
2021/12/8,72.36,,,,,
2021/12/7,72.05,,,,,
2021/12/6,69.49,,,,,
2021/12/3,66.26,,,,,
2021/12/2,66.5,,,,,
2021/12/1,65.57,,,,,
2021/11/30,66.18,,,,,
2021/11/29,69.95,,,,,
2021/11/26,68.15,,,,,
2021/11/25,77.41,,,,,
2021/11/24,78.39,,,,,
2021/11/23,78.5,,,,,
2021/11/22,76.75,,,,,
2021/11/19,76.1,,,,,
2021/11/18,79.01,,,,,
2021/11/17,78.36,,,,,
2021/11/16,80.76,,,,,
2021/11/15,80.88,,,,,
2021/11/12,80.79,,,,,
2021/11/11,81.59,,,,,
2021/11/10,81.34,,,,,
2021/11/9,84.15,,,,,
2021/11/8,81.93,,,,,
2021/11/5,81.27,,,,,
2021/11/4,78.81,,,,,
2021/11/3,80.86,,,,,
2021/11/2,83.91,,,,,
2021/11/1,84.05,,,,,
2021/10/29,83.57,,,,,
2021/10/28,82.81,,,,,
2021/10/27,82.66,,,,,
2021/10/26,84.65,,,,,
2021/10/25,83.76,,,,,
2021/10/22,83.76,,,,,
2021/10/21,82.5,,,,,
2021/10/20,83.87,,,,,
2021/10/19,82.96,,,,,
2021/10/18,82.44,,,,,
2021/10/15,82.28,,,,,
2021/10/14,81.31,,,,,
2021/10/13,80.44,,,,,
2021/10/12,80.64,,,,,
2021/10/11,80.52,,,,,
2021/10/8,79.35,,,,,
2021/10/7,78.3,,,,,
2021/10/6,77.43,,,,,
2021/10/5,78.93,,,,,
2021/10/4,77.62,,,,,
2021/10/1,75.88,,,,,
2021/9/30,75.03,,,,,
2021/9/29,74.83,,,,,
2021/9/28,75.29,,,,,
2021/9/27,75.45,,,,,
2021/9/24,73.98,,,,,
2021/9/23,73.3,,,,,
2021/9/22,72.23,,,,,
2021/9/21,70.56,,,,,
2021/9/20,70.29,,,,,
2021/9/17,71.97,,,,,
2021/9/16,72.61,,,,,
2021/9/15,72.61,,,,,
2021/9/14,70.46,,,,,
2021/9/13,70.45,,,,,
2021/9/10,69.72,,,,,
2021/9/9,68.14,,,,,
2021/9/8,69.3,,,,,
2021/9/7,68.35,,,,,
2021/9/6,68.8,,,,,
2021/9/5,68.75,,,,,
2021/9/3,69.29,,,,,
2021/9/2,69.99,,,,,
2021/9/1,68.59,,,,,
2021/8/31,68.5,,,,,
2021/8/30,69.21,,,,,
2021/8/27,68.74,,,,,
2021/8/26,67.42,,,,,
2021/8/25,68.36,,,,,
2021/8/24,67.54,,,,,
2021/8/23,65.64,,,,,
2021/8/20,62.32,,,,,
2021/8/19,63.69,,,,,
2021/8/18,65.46,,,,,
2021/8/17,66.59,,,,,
2021/8/16,67.29,,,,,
2021/8/13,68.44,,,,,
2021/8/12,69.09,,,,,
2021/8/11,69.25,,,,,
2021/8/10,68.29,,,,,
2021/8/9,66.48,,,,,
2021/8/6,68.28,,,,,
2021/8/5,69.09,,,,,
2021/8/4,68.15,,,,,
2021/8/3,70.56,,,,,
2021/8/2,71.26,,,,,
2021/7/30,73.95,,,,,
2021/7/29,73.62,,,,,
2021/7/28,72.39,,,,,
2021/7/27,71.65,,,,,
2021/7/26,71.91,,,,,
2021/7/23,72.07,,,,,
2021/7/22,71.91,,,,,
2021/7/21,70.3,,,,,
2021/7/20,67.42,,,,,
2021/7/19,66.42,,,,,
2021/7/16,71.81,,,,,
2021/7/15,71.65,,,,,
2021/7/14,73.13,,,,,
2021/7/13,75.25,,,,,
2021/7/12,74.1,,,,,
2021/7/9,74.56,,,,,
2021/7/8,72.94,,,,,
2021/7/7,72.2,,,,,
2021/7/6,73.37,,,,,
2021/7/5,76.25,,,,,
2021/7/4,75.14,,,,,
2021/7/2,75.16,,,,,
2021/7/1,75.23,,,,,
2021/6/30,73.47,,,,,
2021/6/29,72.98,,,,,
2021/6/28,72.91,,,,,
2021/6/25,74.05,,,,,
2021/6/24,73.3,,,,,
2021/6/23,73.08,,,,,
2021/6/22,73.06,,,,,
2021/6/21,73.66,,,,,
2021/6/18,71.64,,,,,
2021/6/17,71.04,,,,,
2021/6/16,72.15,,,,,
2021/6/15,72.12,,,,,
2021/6/14,70.88,,,,,
2021/6/11,70.91,,,,,
2021/6/10,70.29,,,,,
2021/6/9,69.96,,,,,
2021/6/8,70.05,,,,,
2021/6/7,69.23,,,,,
2021/6/4,69.62,,,,,
2021/6/3,68.81,,,,,
2021/6/2,68.83,,,,,
2021/6/1,67.72,,,,,
2021/5/31,66.96,,,,,
2021/5/30,66.59,,,,,
2021/5/28,66.32,,,,,
2021/5/27,66.85,,,,,
2021/5/26,66.21,,,,,
2021/5/25,66.07,,,,,
2021/5/24,66.05,,,,,
2021/5/21,63.58,,,,,
2021/5/20,62.05,,,,,
2021/5/19,63.36,,,,,
2021/5/18,65.49,,,,,
2021/5/17,66.27,,,,,
2021/5/14,65.37,,,,,
2021/5/13,63.82,,,,,
2021/5/12,66.08,,,,,
2021/5/11,65.28,,,,,
2021/5/10,64.92,,,,,
2021/5/7,64.9,,,,,
2021/5/6,64.71,,,,,
2021/5/5,65.63,,,,,
2021/5/4,65.69,,,,,
2021/5/3,64.49,,,,,
2021/4/30,63.58,,,,,
2021/4/29,65.01,,,,,
2021/4/28,63.86,,,,,
2021/4/27,62.94,,,,,
2021/4/26,61.91,,,,,
2021/4/23,62.14,,,,,
2021/4/22,61.43,,,,,
2021/4/21,61.35,,,,,
2021/4/20,62.44,,,,,
2021/4/19,63.38,,,,,
2021/4/16,63.13,,,,,
2021/4/15,63.46,,,,,
2021/4/14,63.15,,,,,
2021/4/13,60.18,,,,,
2021/4/12,59.7,,,,,
2021/4/9,59.32,,,,,
2021/4/8,59.6,,,,,
2021/4/7,59.77,,,,,
2021/4/6,59.33,,,,,
2021/4/5,58.65,,,,,
2021/4/1,61.45,,,,,
2021/3/31,59.16,,,,,
2021/3/30,60.55,,,,,
2021/3/29,61.56,,,,,
2021/3/26,60.97,,,,,
2021/3/25,58.56,,,,,
2021/3/24,61.18,,,,,
2021/3/23,57.76,,,,,
2021/3/22,61.55,,,,,
2021/3/19,61.42,,,,,
2021/3/18,60,,,,,
2021/3/17,64.6,,,,,
2021/3/16,64.8,,,,,
2021/3/15,65.39,,,,,
2021/3/12,65.61,,,,,
2021/3/11,66.02,,,,,
2021/3/10,64.44,,,,,
2021/3/9,64.01,,,,,
2021/3/8,65.05,,,,,
2021/3/5,66.09,,,,,
2021/3/4,63.83,,,,,
2021/3/3,61.28,,,,,
2021/3/2,59.75,,,,,
2021/3/1,60.64,,,,,
2021/2/26,61.5,,,,,
2021/2/25,63.53,,,,,
2021/2/24,63.22,,,,,
2021/2/23,61.67,,,,,
2021/2/22,61.49,,,,,
2021/2/19,59.24,,,,,
2021/2/18,60.52,,,,,
2021/2/17,61.14,,,,,
2021/2/16,60.05,,,,,
2021/2/15,60.09,,,,,
2021/2/14,60.37,,,,,
2021/2/12,59.47,,,,,
2021/2/11,58.24,,,,,
2021/2/10,58.68,,,,,
2021/2/9,58.36,,,,,
2021/2/8,57.97,,,,,
2021/2/5,56.85,,,,,
2021/2/4,56.23,,,,,
2021/2/3,55.69,,,,,
2021/2/2,54.76,,,,,
2021/2/1,53.55,,,,,
2021/1/29,52.2,,,,,
2021/1/28,52.34,,,,,
2021/1/27,52.85,,,,,
2021/1/26,52.61,,,,,
2021/1/25,52.77,,,,,
2021/1/22,52.27,,,,,
2021/1/21,53.13,,,,,
2021/1/20,53.24,,,,,
2021/1/19,52.98,,,,,
2021/1/18,52.36,,,,,
2021/1/17,52.2,,,,,
2021/1/15,52.36,,,,,
2021/1/14,53.57,,,,,
2021/1/13,52.91,,,,,
2021/1/12,53.21,,,,,
2021/1/11,52.25,,,,,
2021/1/8,52.24,,,,,
2021/1/7,50.83,,,,,
2021/1/6,50.63,,,,,
2021/1/5,49.93,,,,,
2021/1/4,47.62,,,,,
2020/12/31,48.52,,,,,
2020/12/30,48.4,,,,,
2020/12/29,48,,,,,
2020/12/28,47.62,,,,,
2020/12/24,48.23,,,,,
2020/12/23,48.12,,,,,
2020/12/22,47.02,,,,,
2020/12/21,47.74,,,,,
2020/12/18,49.1,,,,,
2020/12/17,48.36,,,,,
2020/12/16,47.82,,,,,
2020/12/15,47.62,,,,,
2020/12/14,46.99,,,,,
2020/12/11,46.57,,,,,
2020/12/10,46.78,,,,,
2020/12/9,45.52,,,,,
2020/12/8,45.6,,,,,
2020/12/7,45.76,,,,,
2020/12/4,46.26,,,,,
2020/12/3,45.64,,,,,
2020/12/2,45.28,,,,,
2020/12/1,44.55,,,,,
2020/11/30,45.34,,,,,
2020/11/27,45.53,,,,,
2020/11/26,44.98,,,,,
2020/11/25,45.71,,,,,
2020/11/24,44.91,,,,,
2020/11/23,43.06,,,,,
2020/11/20,42.15,,,,,
2020/11/19,41.74,,,,,
2020/11/18,41.82,,,,,
2020/11/17,41.43,,,,,
2020/11/16,41.34,,,,,
2020/11/13,40.13,,,,,
2020/11/12,41.12,,,,,
2020/11/11,41.45,,,,,
2020/11/10,41.36,,,,,
2020/11/9,40.29,,,,,
2020/11/6,37.14,,,,,
2020/11/5,38.79,,,,,
2020/11/4,39.15,,,,,
2020/11/3,37.66,,,,,
2020/11/2,36.81,,,,,
2020/10/30,35.79,,,,,
2020/10/29,36.17,,,,,
2020/10/28,37.39,,,,,
2020/10/27,39.57,,,,,
2020/10/26,38.56,,,,,
2020/10/23,39.85,,,,,
2020/10/22,40.64,,,,,
2020/10/21,40.03,,,,,
2020/10/20,41.46,,,,,
2020/10/19,40.83,,,,,
2020/10/16,40.88,,,,,
2020/10/15,40.96,,,,,
2020/10/14,41.04,,,,,
2020/10/13,40.2,,,,,
2020/10/12,39.43,,,,,
2020/10/9,40.6,,,,,
2020/10/8,41.19,,,,,
2020/10/7,39.95,,,,,
2020/10/6,40.67,,,,,
2020/10/5,39.22,,,,,
2020/10/2,37.05,,,,,
2020/10/1,38.72,,,,,
2020/9/30,40.22,,,,,
2020/9/29,39.29,,,,,
2020/9/28,40.6,,,,,
2020/9/25,40.25,,,,,
2020/9/24,40.31,,,,,
2020/9/23,39.93,,,,,
2020/9/22,39.6,,,,,
2020/9/21,39.31,,,,,
2020/9/18,41.11,,,,,
2020/9/17,40.97,,,,,
2020/9/16,40.16,,,,,
2020/9/15,38.28,,,,,
2020/9/14,37.26,,,,,
2020/9/11,37.33,,,,,
2020/9/10,37.3,,,,,
2020/9/9,38.05,,,,,
2020/9/8,36.76,,,,,
2020/9/7,39.2,,,,,
2020/9/6,38.75,,,,,
2020/9/4,39.77,,,,,
2020/9/3,41.37,,,,,
2020/9/2,41.51,,,,,
2020/9/1,42.76,,,,,
2020/8/31,42.61,,,,,
2020/8/28,42.97,,,,,
2020/8/27,43.04,,,,,
2020/8/26,43.39,,,,,
2020/8/25,43.35,,,,,
2020/8/24,42.62,,,,,
2020/8/21,42.34,,,,,
2020/8/20,42.58,,,,,
2020/8/19,42.93,,,,,
2020/8/18,42.89,,,,,
2020/8/17,42.89,,,,,
2020/8/14,42.01,,,,,
2020/8/13,42.24,,,,,
2020/8/12,42.67,,,,,
2020/8/11,41.61,,,,,
2020/8/10,41.94,,,,,
2020/8/7,41.22,,,,,
2020/8/6,41.95,,,,,
2020/8/5,42.19,,,,,
2020/8/4,41.7,,,,,
2020/8/3,41.01,,,,,
2020/7/31,40.27,,,,,
2020/7/30,39.92,,,,,
2020/7/29,41.27,,,,,
2020/7/28,41.04,,,,,
2020/7/27,41.6,,,,,
2020/7/24,41.29,,,,,
2020/7/23,41.07,,,,,
2020/7/22,41.9,,,,,
2020/7/21,41.96,,,,,
2020/7/20,40.81,,,,,
2020/7/17,40.59,,,,,
2020/7/16,40.75,,,,,
2020/7/15,41.2,,,,,
2020/7/14,40.29,,,,,
2020/7/13,40.1,,,,,
2020/7/10,40.55,,,,,
2020/7/9,39.62,,,,,
2020/7/8,40.9,,,,,
2020/7/7,40.62,,,,,
2020/7/6,40.63,,,,,
2020/7/3,40.28,,,,,
2020/7/2,40.65,,,,,
2020/7/1,39.82,,,,,
2020/6/30,39.27,,,,,
2020/6/29,39.7,,,,,
2020/6/26,38.49,,,,,
2020/6/25,38.72,,,,,
2020/6/24,38.01,,,,,
2020/6/23,40.37,,,,,
2020/6/22,40.46,,,,,
2020/6/19,39.75,,,,,
2020/6/18,38.84,,,,,
2020/6/17,37.96,,,,,
2020/6/16,38.38,,,,,
2020/6/15,37.12,,,,,
2020/6/12,36.26,,,,,
2020/6/11,36.34,,,,,
2020/6/10,39.6,,,,,
2020/6/9,38.94,,,,,
2020/6/8,38.19,,,,,
2020/6/5,39.55,,,,,
2020/6/4,37.41,,,,,
2020/6/3,37.29,,,,,
2020/6/2,36.81,,,,,
2020/6/1,35.44,,,,,
2020/5/29,35.49,,,,,
2020/5/28,33.71,,,,,
2020/5/27,32.81,,,,,
2020/5/26,34.35,,,,,
2020/5/25,33.92,,,,,
2020/5/24,32.9,,,,,
2020/5/22,33.25,,,,,
2020/5/21,33.92,,,,,
2020/5/20,33.49,,,,,
2020/5/19,32.5,,,,,
2020/5/18,31.82,,,,,
2020/5/15,29.43,,,,,
2020/5/14,27.56,,,,,
2020/5/13,25.29,,,,,
2020/5/12,25.78,,,,,
2020/5/11,24.14,,,,,
2020/5/8,24.74,,,,,
2020/5/7,23.55,,,,,
2020/5/6,23.99,,,,,
2020/5/5,24.56,,,,,
2020/5/4,20.39,,,,,
2020/5/1,19.78,,,,,
2020/4/30,18.84,,,,,
2020/4/29,15.06,,,,,
2020/4/28,12.34,,,,,
2020/4/27,12.78,,,,,
2020/4/24,16.94,,,,,
2020/4/23,16.5,,,,,
2020/4/22,13.78,,,,,
2020/4/21,10.01,,,,,
2020/4/20,-37.63,,,,,
2020/4/17,18.27,,,,,
2020/4/16,19.87,,,,,
2020/4/15,19.87,,,,,
2020/4/14,20.11,,,,,
2020/4/13,22.41,,,,,
2020/4/9,22.76,,,,,
2020/4/8,25.09,,,,,
2020/4/7,23.63,,,,,
2020/4/6,26.08,,,,,
2020/4/3,28.34,,,,,
2020/4/2,25.32,,,,,
2020/4/1,20.31,,,,,
2020/3/31,20.48,,,,,
2020/3/30,20.09,,,,,
2020/3/27,21.51,,,,,
2020/3/26,22.6,,,,,
2020/3/25,24.49,,,,,
2020/3/24,24.01,,,,,
2020/3/23,23.36,,,,,
2020/3/20,22.43,,,,,
2020/3/19,25.22,,,,,
2020/3/18,20.37,,,,,
2020/3/17,26.95,,,,,
2020/3/16,28.7,,,,,
2020/3/13,31.73,,,,,
2020/3/12,31.5,,,,,
2020/3/11,32.98,,,,,
2020/3/10,34.36,,,,,
2020/3/9,31.13,,,,,
2020/3/6,41.28,,,,,
2020/3/5,45.9,,,,,
2020/3/4,46.78,,,,,
2020/3/3,47.18,,,,,
2020/3/2,46.75,,,,,
2020/2/28,44.76,,,,,
2020/2/27,47.09,,,,,
2020/2/26,48.73,,,,,
2020/2/25,49.9,,,,,
2020/2/24,51.43,,,,,
2020/2/21,53.38,,,,,
2020/2/20,53.78,,,,,
2020/2/19,53.29,,,,,
2020/2/18,52.05,,,,,
2020/2/17,52.2,,,,,
2020/2/16,52.36,,,,,
2020/2/14,52.05,,,,,
2020/2/13,51.42,,,,,
2020/2/12,51.17,,,,,
2020/2/11,49.94,,,,,
2020/2/10,49.57,,,,,
2020/2/7,50.32,,,,,
2020/2/6,50.95,,,,,
2020/2/5,50.75,,,,,
2020/2/4,49.61,,,,,
2020/2/3,50.11,,,,,
2020/1/31,51.56,,,,,
2020/1/30,52.14,,,,,
2020/1/29,53.33,,,,,
2020/1/28,53.48,,,,,
2020/1/27,53.14,,,,,
2020/1/24,54.19,,,,,
2020/1/23,55.59,,,,,
2020/1/22,56.74,,,,,
2020/1/21,58.34,,,,,
2020/1/20,58.73,,,,,
2020/1/19,59.27,,,,,
2020/1/17,58.54,,,,,
2020/1/16,58.52,,,,,
2020/1/15,57.81,,,,,
2020/1/14,58.23,,,,,
2020/1/13,58.08,,,,,
2020/1/10,59.04,,,,,
2020/1/9,59.56,,,,,
2020/1/8,59.61,,,,,
2020/1/7,62.7,,,,,
2020/1/6,63.27,,,,,
2020/1/3,63.05,,,,,
2020/1/2,61.18,,,,,
2020/1/1,61.33,,,,,
2019/12/31,61.06,,,,,
2019/12/30,61.68,,,,,
2019/12/27,61.72,,,,,
2019/12/26,61.68,,,,,
2019/12/25,61.19,,,,,
2019/12/24,61.11,,,,,
2019/12/23,60.52,,,,,
2019/12/20,60.44,,,,,
2019/12/19,61.22,,,,,
2019/12/18,60.93,,,,,
2019/12/17,60.94,,,,,
2019/12/16,60.21,,,,,
2019/12/13,60.07,,,,,
2019/12/12,59.18,,,,,
2019/12/11,58.76,,,,,
2019/12/10,59.24,,,,,
2019/12/9,59.02,,,,,
2019/12/6,59.2,,,,,
2019/12/5,58.43,,,,,
2019/12/4,58.43,,,,,
2019/12/3,56.1,,,,,
2019/12/2,55.96,,,,,
2019/11/29,55.17,,,,,
2019/11/28,58.08,,,,,
2019/11/27,58.11,,,,,
2019/11/26,58.41,,,,,
2019/11/25,58.01,,,,,
2019/11/22,57.77,,,,,
2019/11/21,58.58,,,,,
2019/11/20,57.11,,,,,
2019/11/19,55.21,,,,,
2019/11/18,57.05,,,,,
2019/11/15,57.72,,,,,
2019/11/14,56.77,,,,,
2019/11/13,57.12,,,,,
2019/11/12,56.8,,,,,
2019/11/11,56.86,,,,,
2019/11/8,57.24,,,,,
2019/11/7,57.15,,,,,
2019/11/6,56.35,,,,,
2019/11/5,57.23,,,,,
2019/11/4,56.54,,,,,
2019/11/1,56.2,,,,,
2019/10/31,54.18,,,,,
2019/10/30,55.06,,,,,
2019/10/29,55.54,,,,,
2019/10/28,55.81,,,,,
2019/10/25,56.66,,,,,
2019/10/24,56.23,,,,,
2019/10/23,55.97,,,,,
2019/10/22,54.16,,,,,
2019/10/21,53.31,,,,,
2019/10/18,53.78,,,,,
2019/10/17,53.93,,,,,
2019/10/16,53.36,,,,,
2019/10/15,52.81,,,,,
2019/10/14,53.59,,,,,
2019/10/11,54.7,,,,,
2019/10/10,53.55,,,,,
2019/10/9,52.59,,,,,
2019/10/8,52.63,,,,,
2019/10/7,52.75,,,,,
2019/10/4,52.81,,,,,
2019/10/3,52.45,,,,,
2019/10/2,52.64,,,,,
2019/10/1,53.62,,,,,
2019/9/30,54.07,,,,,
2019/9/27,55.91,,,,,
2019/9/26,56.41,,,,,
2019/9/25,56.49,,,,,
2019/9/24,57.29,,,,,
2019/9/23,58.64,,,,,
2019/9/20,58.09,,,,,
2019/9/19,58.13,,,,,
2019/9/18,58.11,,,,,
2019/9/17,59.34,,,,,
2019/9/16,62.9,,,,,
2019/9/13,54.85,,,,,
2019/9/12,55.09,,,,,
2019/9/11,55.75,,,,,
2019/9/10,57.4,,,,,
2019/9/9,57.85,,,,,
2019/9/6,56.52,,,,,
2019/9/5,56.3,,,,,
2019/9/4,56.26,,,,,
2019/9/3,53.94,,,,,
2019/9/2,54.66,,,,,
2019/9/1,54.8,,,,,
2019/8/30,55.1,,,,,
2019/8/29,56.71,,,,,
2019/8/28,55.78,,,,,
2019/8/27,54.93,,,,,
2019/8/26,53.64,,,,,
2019/8/23,54.17,,,,,
2019/8/22,55.35,,,,,
2019/8/21,55.68,,,,,
2019/8/20,56.34,,,,,
2019/8/19,56.21,,,,,
2019/8/16,54.87,,,,,
2019/8/15,54.47,,,,,
2019/8/14,55.23,,,,,
2019/8/13,57.1,,,,,
2019/8/12,54.93,,,,,
2019/8/9,54.5,,,,,
2019/8/8,52.54,,,,,
2019/8/7,51.09,,,,,
2019/8/6,53.63,,,,,
2019/8/5,54.69,,,,,
2019/8/2,55.66,,,,,
2019/8/1,53.95,,,,,
2019/7/31,58.58,,,,,
2019/7/30,58.05,,,,,
2019/7/29,56.87,,,,,
2019/7/26,56.2,,,,,
2019/7/25,56.02,,,,,
2019/7/24,55.88,,,,,
2019/7/23,56.77,,,,,
2019/7/22,56.22,,,,,
2019/7/19,55.63,,,,,
2019/7/18,55.3,,,,,
2019/7/17,56.78,,,,,
2019/7/16,57.62,,,,,
2019/7/15,59.58,,,,,
2019/7/12,60.21,,,,,
2019/7/11,60.2,,,,,
2019/7/10,60.43,,,,,
2019/7/9,57.83,,,,,
2019/7/8,57.66,,,,,
2019/7/5,57.51,,,,,
2019/7/4,56.8,,,,,
2019/7/3,57.34,,,,,
2019/7/2,56.25,,,,,
2019/7/1,59.09,,,,,
2019/6/28,58.47,,,,,
2019/6/27,59.43,,,,,
2019/6/26,59.38,,,,,
2019/6/25,57.83,,,,,
2019/6/24,57.9,,,,,
2019/6/21,57.43,,,,,
2019/6/20,56.65,,,,,
2019/6/19,53.76,,,,,
2019/6/18,53.9,,,,,
2019/6/17,51.93,,,,,
2019/6/14,52.51,,,,,
2019/6/13,52.28,,,,,
2019/6/12,51.14,,,,,
2019/6/11,53.27,,,,,
2019/6/10,53.26,,,,,
2019/6/7,53.99,,,,,
2019/6/6,52.59,,,,,
2019/6/5,51.68,,,,,
2019/6/4,53.48,,,,,
2019/6/3,53.25,,,,,
2019/5/31,53.5,,,,,
2019/5/30,56.59,,,,,
2019/5/29,58.81,,,,,
2019/5/28,59.14,,,,,
2019/5/27,59.16,,,,,
2019/5/26,58.77,,,,,
2019/5/24,58.63,,,,,
2019/5/23,57.91,,,,,
2019/5/22,61.42,,,,,
2019/5/21,62.99,,,,,
2019/5/20,63.1,,,,,
2019/5/17,62.76,,,,,
2019/5/16,62.87,,,,,
2019/5/15,62.02,,,,,
2019/5/14,61.78,,,,,
2019/5/13,61.04,,,,,
2019/5/10,61.66,,,,,
2019/5/9,61.7,,,,,
2019/5/8,62.12,,,,,
2019/5/7,61.4,,,,,
2019/5/6,62.25,,,,,
2019/5/3,61.94,,,,,
2019/5/2,61.81,,,,,
2019/5/1,63.6,,,,,
2019/4/30,63.91,,,,,
2019/4/29,63.5,,,,,
2019/4/26,63.3,,,,,
2019/4/25,65.21,,,,,
2019/4/24,65.89,,,,,
2019/4/23,66.3,,,,,
2019/4/22,65.7,,,,,
2019/4/18,64,,,,,
2019/4/17,63.76,,,,,
2019/4/16,64.05,,,,,
2019/4/15,63.4,,,,,
2019/4/12,63.89,,,,,
2019/4/11,63.58,,,,,
2019/4/10,64.61,,,,,
2019/4/9,63.98,,,,,
2019/4/8,64.4,,,,,
2019/4/5,63.08,,,,,
2019/4/4,62.1,,,,,
2019/4/3,62.46,,,,,
2019/4/2,62.58,,,,,
2019/4/1,61.59,,,,,
2019/3/29,60.14,,,,,
2019/3/28,59.3,,,,,
2019/3/27,59.41,,,,,
2019/3/26,59.94,,,,,
2019/3/25,58.82,,,,,
2019/3/22,59.04,,,,,
2019/3/21,59.98,,,,,
2019/3/20,59.83,,,,,
2019/3/19,59.03,,,,,
2019/3/18,59.09,,,,,
2019/3/15,58.52,,,,,
2019/3/14,58.61,,,,,
2019/3/13,58.26,,,,,
2019/3/12,56.87,,,,,
2019/3/11,56.79,,,,,
2019/3/8,56.07,,,,,
2019/3/7,56.66,,,,,
2019/3/6,56.22,,,,,
2019/3/5,56.56,,,,,
2019/3/4,56.59,,,,,
2019/3/1,55.8,,,,,
2019/2/28,57.22,,,,,
2019/2/27,56.94,,,,,
2019/2/26,55.5,,,,,
2019/2/25,55.48,,,,,
2019/2/22,57.26,,,,,
2019/2/21,56.96,,,,,
2019/2/20,56.92,,,,,
2019/2/19,56.09,,,,,
2019/2/18,56.27,,,,,
2019/2/17,56.33,,,,,
2019/2/15,55.59,,,,,
2019/2/14,54.41,,,,,
2019/2/13,53.9,,,,,
2019/2/12,53.1,,,,,
2019/2/11,52.41,,,,,
2019/2/8,52.72,,,,,
2019/2/7,52.64,,,,,
2019/2/6,54.01,,,,,
2019/2/5,53.66,,,,,
2019/2/4,54.56,,,,,
2019/2/1,55.26,,,,,
2019/1/31,53.79,,,,,
2019/1/30,54.23,,,,,
2019/1/29,53.31,,,,,
2019/1/28,51.99,,,,,
2019/1/25,53.69,,,,,
2019/1/24,53.13,,,,,
2019/1/23,52.62,,,,,
2019/1/22,52.57,,,,,
2019/1/21,54.24,,,,,
2019/1/20,53.65,,,,,
2019/1/18,53.8,,,,,
2019/1/17,52.07,,,,,
2019/1/16,52.31,,,,,
2019/1/15,52.11,,,,,
2019/1/14,50.51,,,,,
2019/1/11,51.59,,,,,
2019/1/10,52.59,,,,,
2019/1/9,52.36,,,,,
2019/1/8,49.78,,,,,
2019/1/7,48.52,,,,,
2019/1/4,47.96,,,,,
2019/1/3,47.09,,,,,
2019/1/2,46.54,,,,,
2019/1/1,45.89,,,,,
2018/12/31,45.41,,,,,
2018/12/28,45.33,,,,,
2018/12/27,44.61,,,,,
2018/12/26,46.22,,,,,
2018/12/25,43.16,,,,,
2018/12/24,42.53,,,,,
2018/12/21,45.59,,,,,
2018/12/20,45.88,,,,,
2018/12/19,47.2,,,,,
2018/12/18,46.24,,,,,
2018/12/17,49.88,,,,,
2018/12/14,51.2,,,,,
2018/12/13,52.58,,,,,
2018/12/12,51.15,,,,,
2018/12/11,51.65,,,,,
2018/12/10,51,,,,,
2018/12/7,52.61,,,,,
2018/12/6,51.49,,,,,
2018/12/5,52.89,,,,,
2018/12/4,53.25,,,,,
2018/12/3,52.95,,,,,
2018/11/30,50.93,,,,,
2018/11/29,51.45,,,,,
2018/11/28,50.29,,,,,
2018/11/27,51.56,,,,,
2018/11/26,51.63,,,,,
2018/11/23,50.42,,,,,
2018/11/22,54.02,,,,,
2018/11/21,54.63,,,,,
2018/11/20,53.43,,,,,
2018/11/19,56.76,,,,,
2018/11/16,56.46,,,,,
2018/11/15,56.46,,,,,
2018/11/14,56.25,,,,,
2018/11/13,55.69,,,,,
2018/11/12,59.93,,,,,
2018/11/9,60.19,,,,,
2018/11/8,60.67,,,,,
2018/11/7,61.67,,,,,
2018/11/6,62.21,,,,,
2018/11/5,63.1,,,,,
2018/11/2,63.14,,,,,
2018/11/1,63.69,,,,,
2018/10/31,65.31,,,,,
2018/10/30,66.18,,,,,
2018/10/29,67.04,,,,,
2018/10/26,67.59,,,,,
2018/10/25,67.33,,,,,
2018/10/24,66.82,,,,,
2018/10/23,66.43,,,,,
2018/10/22,69.17,,,,,
2018/10/19,69.12,,,,,
2018/10/18,68.65,,,,,
2018/10/17,69.75,,,,,
2018/10/16,71.92,,,,,
2018/10/15,71.78,,,,,
2018/10/12,71.34,,,,,
2018/10/11,70.97,,,,,
2018/10/10,73.17,,,,,
2018/10/9,74.96,,,,,
2018/10/8,74.29,,,,,
2018/10/5,74.34,,,,,
2018/10/4,74.33,,,,,
2018/10/3,76.41,,,,,
2018/10/2,75.23,,,,,
2018/10/1,75.3,,,,,
2018/9/28,73.25,,,,,
2018/9/27,72.12,,,,,
2018/9/26,71.57,,,,,
2018/9/25,72.28,,,,,
2018/9/24,72.08,,,,,
2018/9/21,70.78,,,,,
2018/9/20,70.8,,,,,
2018/9/19,71.12,,,,,
2018/9/18,69.85,,,,,
2018/9/17,68.91,,,,,
2018/9/14,68.99,,,,,
2018/9/13,68.59,,,,,
2018/9/12,70.37,,,,,
2018/9/11,69.25,,,,,
2018/9/10,67.54,,,,,
2018/9/7,67.75,,,,,
2018/9/6,67.77,,,,,
2018/9/5,68.72,,,,,
2018/9/4,69.87,,,,,
2018/9/3,70.12,,,,,
2018/9/2,69.92,,,,,
2018/8/31,69.8,,,,,
2018/8/30,70.25,,,,,
2018/8/29,69.51,,,,,
2018/8/28,68.53,,,,,
2018/8/27,68.87,,,,,
2018/8/24,68.72,,,,,
2018/8/23,67.83,,,,,
2018/8/22,67.86,,,,,
2018/8/21,67.35,,,,,
2018/8/20,66.43,,,,,
2018/8/17,65.91,,,,,
2018/8/16,65.46,,,,,
2018/8/15,65.01,,,,,
2018/8/14,67.04,,,,,
2018/8/13,67.2,,,,,
2018/8/10,67.63,,,,,
2018/8/9,66.81,,,,,
2018/8/8,66.94,,,,,
2018/8/7,69.17,,,,,
2018/8/6,69.01,,,,,
2018/8/3,68.49,,,,,
2018/8/2,68.96,,,,,
2018/8/1,67.66,,,,,
2018/7/31,68.76,,,,,
2018/7/30,70.13,,,,,
2018/7/27,68.69,,,,,
2018/7/26,69.61,,,,,
2018/7/25,69.3,,,,,
2018/7/24,68.52,,,,,
2018/7/23,67.89,,,,,
2018/7/20,70.46,,,,,
2018/7/19,69.46,,,,,
2018/7/18,68.76,,,,,
2018/7/17,68.08,,,,,
2018/7/16,68.06,,,,,
2018/7/13,71.01,,,,,
2018/7/12,70.33,,,,,
2018/7/11,70.38,,,,,
2018/7/10,74.11,,,,,
2018/7/9,73.85,,,,,
2018/7/6,73.8,,,,,
2018/7/5,72.94,,,,,
2018/7/4,74.13,,,,,
2018/7/3,74.14,,,,,
2018/7/2,73.94,,,,,
2018/6/29,74.15,,,,,
2018/6/28,73.45,,,,,
2018/6/27,72.76,,,,,
2018/6/26,70.53,,,,,
2018/6/25,68.08,,,,,
2018/6/22,68.58,,,,,
2018/6/21,65.54,,,,,
2018/6/20,66.22,,,,,
2018/6/19,65.07,,,,,
2018/6/18,65.85,,,,,
2018/6/15,65.06,,,,,
2018/6/14,66.89,,,,,
2018/6/13,66.64,,,,,
2018/6/12,66.36,,,,,
2018/6/11,66.1,,,,,
2018/6/8,65.74,,,,,
2018/6/7,65.95,,,,,
2018/6/6,64.73,,,,,
2018/6/5,65.52,,,,,
2018/6/4,64.75,,,,,
2018/6/1,65.81,,,,,
2018/5/31,67.04,,,,,
2018/5/30,68.21,,,,,
2018/5/29,66.73,,,,,
2018/5/28,67.05,,,,,
2018/5/27,67.36,,,,,
2018/5/25,67.88,,,,,
2018/5/24,70.71,,,,,
2018/5/23,71.84,,,,,
2018/5/22,72.13,,,,,
2018/5/21,72.24,,,,,
2018/5/18,71.28,,,,,
2018/5/17,71.49,,,,,
2018/5/16,71.49,,,,,
2018/5/15,71.31,,,,,
2018/5/14,70.96,,,,,
2018/5/11,70.7,,,,,
2018/5/10,71.36,,,,,
2018/5/9,71.14,,,,,
2018/5/8,69.06,,,,,
2018/5/7,70.73,,,,,
2018/5/4,69.72,,,,,
2018/5/3,68.43,,,,,
2018/5/2,67.93,,,,,
2018/5/1,67.25,,,,,
2018/4/30,68.57,,,,,
2018/4/27,68.1,,,,,
2018/4/26,68.19,,,,,
2018/4/25,68.05,,,,,
2018/4/24,67.7,,,,,
2018/4/23,68.64,,,,,
2018/4/20,68.38,,,,,
2018/4/19,68.29,,,,,
2018/4/18,68.47,,,,,
2018/4/17,66.52,,,,,
2018/4/16,66.22,,,,,
2018/4/13,67.39,,,,,
2018/4/12,67.07,,,,,
2018/4/11,66.82,,,,,
2018/4/10,65.51,,,,,
2018/4/9,63.42,,,,,
2018/4/6,62.06,,,,,
2018/4/5,63.54,,,,,
2018/4/4,63.37,,,,,
2018/4/3,63.51,,,,,
2018/4/2,63.01,,,,,
2018/3/29,64.94,,,,,
2018/3/28,64.38,,,,,
2018/3/27,65.25,,,,,
2018/3/26,65.55,,,,,
2018/3/23,65.88,,,,,
2018/3/22,64.3,,,,,
2018/3/21,65.17,,,,,
2018/3/20,63.4,,,,,
2018/3/19,62.06,,,,,
2018/3/16,62.34,,,,,
2018/3/15,61.19,,,,,
2018/3/14,60.96,,,,,
2018/3/13,60.71,,,,,
2018/3/12,61.36,,,,,
2018/3/9,62.04,,,,,
2018/3/8,60.12,,,,,
2018/3/7,61.15,,,,,
2018/3/6,62.6,,,,,
2018/3/5,62.57,,,,,
2018/3/2,61.25,,,,,
2018/3/1,60.99,,,,,
2018/2/28,61.64,,,,,
2018/2/27,63.01,,,,,
2018/2/26,63.91,,,,,
2018/2/23,63.55,,,,,
2018/2/22,62.77,,,,,
2018/2/21,61.68,,,,,
2018/2/20,61.9,,,,,
2018/2/19,62.38,,,,,
2018/2/18,61.72,,,,,
2018/2/16,61.68,,,,,
2018/2/15,61.34,,,,,
2018/2/14,60.6,,,,,
2018/2/13,59.19,,,,,
2018/2/12,59.29,,,,,
2018/2/9,59.2,,,,,
2018/2/8,61.15,,,,,
2018/2/7,61.79,,,,,
2018/2/6,63.39,,,,,
2018/2/5,64.15,,,,,
2018/2/2,65.45,,,,,
2018/2/1,65.8,,,,,
2018/1/31,64.73,,,,,
2018/1/30,64.5,,,,,
2018/1/29,65.56,,,,,
2018/1/26,66.14,,,,,
2018/1/25,65.51,,,,,
2018/1/24,65.61,,,,,
2018/1/23,64.47,,,,,
2018/1/22,63.49,,,,,
2018/1/19,63.37,,,,,
2018/1/18,63.95,,,,,
2018/1/17,63.97,,,,,
2018/1/16,63.73,,,,,
2018/1/15,64.73,,,,,
2018/1/14,64.28,,,,,
2018/1/12,64.3,,,,,
2018/1/11,63.8,,,,,
2018/1/10,63.57,,,,,
2018/1/9,62.96,,,,,
2018/1/8,61.73,,,,,
2018/1/5,61.44,,,,,
2018/1/4,62.01,,,,,
2018/1/3,61.63,,,,,
2018/1/2,60.37,,,,,
2018/1/1,60.24,,,,,
2017/12/29,60.42,,,,,
2017/12/28,59.84,,,,,
2017/12/27,59.64,,,,,
2017/12/26,59.97,,,,,
2017/12/25,58.59,,,,,
2017/12/22,58.47,,,,,
2017/12/21,58.36,,,,,
2017/12/20,58.09,,,,,
2017/12/19,57.46,,,,,
2017/12/18,57.16,,,,,
2017/12/15,57.3,,,,,
2017/12/14,57.04,,,,,
2017/12/13,56.6,,,,,
2017/12/12,57.14,,,,,
2017/12/11,57.99,,,,,
2017/12/8,57.36,,,,,
2017/12/7,56.69,,,,,
2017/12/6,55.96,,,,,
2017/12/5,57.62,,,,,
2017/12/4,57.47,,,,,
2017/12/1,58.36,,,,,
2017/11/30,57.4,,,,,
2017/11/29,57.3,,,,,
2017/11/28,57.99,,,,,
2017/11/27,58.11,,,,,
2017/11/24,58.95,,,,,
2017/11/23,58.38,,,,,
2017/11/22,58.02,,,,,
2017/11/21,56.83,,,,,
2017/11/20,56.09,,,,,
2017/11/17,56.55,,,,,
2017/11/16,55.14,,,,,
2017/11/15,55.33,,,,,
2017/11/14,55.7,,,,,
2017/11/13,56.76,,,,,
2017/11/10,56.74,,,,,
2017/11/9,57.17,,,,,
2017/11/8,56.81,,,,,
2017/11/7,57.2,,,,,
2017/11/6,57.35,,,,,
2017/11/3,55.64,,,,,
2017/11/2,54.54,,,,,
2017/11/1,54.3,,,,,
2017/10/31,54.38,,,,,
2017/10/30,54.15,,,,,
2017/10/27,53.9,,,,,
2017/10/26,52.64,,,,,
2017/10/25,52.18,,,,,
2017/10/24,52.47,,,,,
2017/10/23,51.9,,,,,
2017/10/20,51.47,,,,,
2017/10/19,51.29,,,,,
2017/10/18,52.04,,,,,
2017/10/17,51.88,,,,,
2017/10/16,51.87,,,,,
2017/10/13,51.45,,,,,
2017/10/12,50.6,,,,,
2017/10/11,51.3,,,,,
2017/10/10,50.92,,,,,
2017/10/9,49.58,,,,,
2017/10/6,49.29,,,,,
2017/10/5,50.79,,,,,
2017/10/4,49.98,,,,,
2017/10/3,50.42,,,,,
2017/10/2,50.58,,,,,
2017/9/29,51.67,,,,,
2017/9/28,51.56,,,,,
2017/9/27,52.14,,,,,
2017/9/26,51.88,,,,,
2017/9/25,52.22,,,,,
2017/9/22,50.66,,,,,
2017/9/21,50.55,,,,,
2017/9/20,50.41,,,,,
2017/9/19,49.48,,,,,
2017/9/18,49.91,,,,,
2017/9/15,49.89,,,,,
2017/9/14,49.89,,,,,
2017/9/13,49.3,,,,,
2017/9/12,48.23,,,,,
2017/9/11,48.07,,,,,
2017/9/8,47.48,,,,,
2017/9/7,49.09,,,,,
2017/9/6,49.16,,,,,
2017/9/5,48.66,,,,,
2017/9/4,47.41,,,,,
2017/9/3,47.32,,,,,
2017/9/1,47.29,,,,,
2017/8/31,47.23,,,,,
2017/8/30,45.96,,,,,
2017/8/29,46.44,,,,,
2017/8/28,46.57,,,,,
2017/8/25,47.87,,,,,
2017/8/24,47.43,,,,,
2017/8/23,48.41,,,,,
2017/8/22,47.64,,,,,
2017/8/21,47.37,,,,,
2017/8/18,48.51,,,,,
2017/8/17,47.09,,,,,
2017/8/16,46.78,,,,,
2017/8/15,47.55,,,,,
2017/8/14,47.59,,,,,
2017/8/11,48.82,,,,,
2017/8/10,48.59,,,,,
2017/8/9,49.56,,,,,
2017/8/8,49.17,,,,,
2017/8/7,49.39,,,,,
2017/8/4,49.58,,,,,
2017/8/3,49.03,,,,,
2017/8/2,49.59,,,,,
2017/8/1,49.16,,,,,
2017/7/31,50.17,,,,,
2017/7/28,49.71,,,,,
2017/7/27,49.04,,,,,
2017/7/26,48.75,,,,,
2017/7/25,47.89,,,,,
2017/7/24,46.34,,,,,
2017/7/21,45.77,,,,,
2017/7/20,46.79,,,,,
2017/7/19,47.12,,,,,
2017/7/18,46.4,,,,,
2017/7/17,46.02,,,,,
2017/7/14,46.54,,,,,
2017/7/13,46.08,,,,,
2017/7/12,45.49,,,,,
2017/7/11,45.04,,,,,
2017/7/10,44.4,,,,,
2017/7/7,44.23,,,,,
2017/7/6,45.52,,,,,
2017/7/5,45.13,,,,,
2017/7/4,47.13,,,,,
2017/7/3,47.07,,,,,
2017/6/30,46.04,,,,,
2017/6/29,44.93,,,,,
2017/6/28,44.74,,,,,
2017/6/27,44.24,,,,,
2017/6/26,43.38,,,,,
2017/6/23,43.01,,,,,
2017/6/22,42.97,,,,,
2017/6/21,42.75,,,,,
2017/6/20,43.51,,,,,
2017/6/19,44.43,,,,,
2017/6/16,44.97,,,,,
2017/6/15,44.68,,,,,
2017/6/14,44.93,,,,,
2017/6/13,46.67,,,,,
2017/6/12,46.08,,,,,
2017/6/9,45.83,,,,,
2017/6/8,45.64,,,,,
2017/6/7,45.72,,,,,
2017/6/6,48.19,,,,,
2017/6/5,47.4,,,,,
2017/6/2,47.87,,,,,
2017/6/1,48.6,,,,,
2017/5/31,48.56,,,,,
2017/5/30,49.91,,,,,
2017/5/29,49.97,,,,,
2017/5/28,49.94,,,,,
2017/5/26,50.05,,,,,
2017/5/25,49.14,,,,,
2017/5/24,51.59,,,,,
2017/5/23,51.72,,,,,
2017/5/22,51.13,,,,,
2017/5/19,50.67,,,,,
2017/5/18,49.66,,,,,
2017/5/17,49.41,,,,,
2017/5/16,49,,,,,
2017/5/15,49.16,,,,,
2017/5/12,48.17,,,,,
2017/5/11,48.2,,,,,
2017/5/10,47.7,,,,,
2017/5/9,46.27,,,,,
2017/5/8,46.84,,,,,
2017/5/5,46.6,,,,,
2017/5/4,45.9,,,,,
2017/5/3,48.18,,,,,
2017/5/2,47.99,,,,,
2017/5/1,49.16,,,,,
2017/4/28,49.62,,,,,
2017/4/27,49.31,,,,,
2017/4/26,49.96,,,,,
2017/4/25,49.56,,,,,
2017/4/24,49.23,,,,,
2017/4/21,49.62,,,,,
2017/4/20,50.27,,,,,
2017/4/19,50.44,,,,,
2017/4/18,52.41,,,,,
2017/4/17,52.65,,,,,
2017/4/13,53.18,,,,,
2017/4/12,53.11,,,,,
2017/4/11,53.4,,,,,
2017/4/10,53.08,,,,,
2017/4/7,52.24,,,,,
2017/4/6,51.7,,,,,
2017/4/5,51.15,,,,,
2017/4/4,51.03,,,,,
2017/4/3,50.24,,,,,
2017/3/31,50.6,,,,,
2017/3/30,50.35,,,,,
2017/3/29,49.51,,,,,
2017/3/28,48.37,,,,,
2017/3/27,47.73,,,,,
2017/3/24,47.97,,,,,
2017/3/23,47.7,,,,,
2017/3/22,48.04,,,,,
2017/3/21,47.34,,,,,
2017/3/20,48.22,,,,,
2017/3/17,48.78,,,,,
2017/3/16,48.75,,,,,
2017/3/15,48.86,,,,,
2017/3/14,47.72,,,,,
2017/3/13,48.4,,,,,
2017/3/10,48.49,,,,,
2017/3/9,49.28,,,,,
2017/3/8,50.28,,,,,
2017/3/7,53.14,,,,,
2017/3/6,53.2,,,,,
2017/3/3,53.33,,,,,
2017/3/2,52.61,,,,,
2017/3/1,53.83,,,,,
2017/2/28,54.01,,,,,
2017/2/27,54.05,,,,,
2017/2/24,53.99,,,,,
2017/2/23,54.45,,,,,
2017/2/22,53.59,,,,,
2017/2/21,54.06,,,,,
2017/2/20,53.97,,,,,
2017/2/19,53.79,,,,,
2017/2/17,53.4,,,,,
2017/2/16,53.36,,,,,
2017/2/15,53.11,,,,,
2017/2/14,53.2,,,,,
2017/2/13,52.93,,,,,
2017/2/10,53.86,,,,,
2017/2/9,53,,,,,
2017/2/8,52.34,,,,,
2017/2/7,52.17,,,,,
2017/2/6,53.01,,,,,
2017/2/3,53.83,,,,,
2017/2/2,53.54,,,,,
2017/2/1,53.88,,,,,
2017/1/31,52.81,,,,,
2017/1/30,52.63,,,,,
2017/1/27,53.17,,,,,
2017/1/26,53.78,,,,,
2017/1/25,52.75,,,,,
2017/1/24,53.18,,,,,
2017/1/23,52.75,,,,,
2017/1/20,52.42,,,,,
2017/1/19,51.37,,,,,
2017/1/18,51.08,,,,,
2017/1/17,52.48,,,,,
2017/1/16,52.52,,,,,
2017/1/15,52.45,,,,,
2017/1/13,52.37,,,,,
2017/1/12,53.01,,,,,
2017/1/11,52.25,,,,,
2017/1/10,50.82,,,,,
2017/1/9,51.96,,,,,
2017/1/6,53.99,,,,,
2017/1/5,53.76,,,,,
2017/1/4,53.26,,,,,
2017/1/3,52.33,,,,,
2017/1/2,54.03,,,,,
2016/12/30,53.72,,,,,
2016/12/29,53.77,,,,,
2016/12/28,54.06,,,,,
2016/12/27,53.9,,,,,
2016/12/26,53.19,,,,,
2016/12/23,53.02,,,,,
2016/12/22,52.95,,,,,
2016/12/21,52.49,,,,,
2016/12/20,52.23,,,,,
2016/12/19,52.12,,,,,
2016/12/16,51.9,,,,,
2016/12/15,50.9,,,,,
2016/12/14,51.04,,,,,
2016/12/13,52.98,,,,,
2016/12/12,52.83,,,,,
2016/12/9,51.5,,,,,
2016/12/8,50.84,,,,,
2016/12/7,49.77,,,,,
2016/12/6,50.93,,,,,
2016/12/5,51.79,,,,,
2016/12/2,51.68,,,,,
2016/12/1,51.06,,,,,
2016/11/30,49.44,,,,,
2016/11/29,45.23,,,,,
2016/11/28,47.08,,,,,
2016/11/25,46.06,,,,,
2016/11/24,47.98,,,,,
2016/11/23,47.96,,,,,
2016/11/22,48.03,,,,,
2016/11/21,47.49,,,,,
2016/11/18,45.69,,,,,
2016/11/17,45.42,,,,,
2016/11/16,45.57,,,,,
2016/11/15,45.81,,,,,
2016/11/14,43.32,,,,,
2016/11/11,43.41,,,,,
2016/11/10,44.66,,,,,
2016/11/9,45.27,,,,,
2016/11/8,44.98,,,,,
2016/11/7,44.89,,,,,
2016/11/4,44.07,,,,,
2016/11/3,44.66,,,,,
2016/11/2,45.34,,,,,
2016/11/1,46.67,,,,,
2016/10/31,46.86,,,,,
2016/10/28,48.7,,,,,
2016/10/27,49.72,,,,,
2016/10/26,49.18,,,,,
2016/10/25,49.96,,,,,
2016/10/24,50.52,,,,,
2016/10/21,50.85,,,,,
2016/10/20,50.43,,,,,
2016/10/19,51.6,,,,,
2016/10/18,50.29,,,,,
2016/10/17,49.94,,,,,
2016/10/14,50.35,,,,,
2016/10/13,50.44,,,,,
2016/10/12,50.18,,,,,
2016/10/11,50.79,,,,,
2016/10/10,51.35,,,,,
2016/10/7,49.81,,,,,
2016/10/6,50.44,,,,,
2016/10/5,49.83,,,,,
2016/10/4,48.69,,,,,
2016/10/3,48.81,,,,,
2016/9/30,48.24,,,,,
2016/9/29,47.83,,,,,
2016/9/28,47.05,,,,,
2016/9/27,44.67,,,,,
2016/9/26,45.93,,,,,
2016/9/23,44.48,,,,,
2016/9/22,46.32,,,,,
2016/9/21,45.34,,,,,
2016/9/20,43.44,,,,,
2016/9/19,43.3,,,,,
2016/9/16,43.03,,,,,
2016/9/15,43.91,,,,,
2016/9/14,43.58,,,,,
2016/9/13,44.9,,,,,
2016/9/12,46.29,,,,,
2016/9/9,45.88,,,,,
2016/9/8,47.62,,,,,
2016/9/7,45.5,,,,,
2016/9/6,44.83,,,,,
2016/9/5,45.07,,,,,
2016/9/4,44.11,,,,,
2016/9/2,44.44,,,,,
2016/9/1,43.16,,,,,
2016/8/31,44.7,,,,,
2016/8/30,46.35,,,,,
2016/8/29,46.98,,,,,
2016/8/26,47.64,,,,,
2016/8/25,47.33,,,,,
2016/8/24,46.77,,,,,
2016/8/23,48.1,,,,,
2016/8/22,47.05,,,,,
2016/8/19,48.52,,,,,
2016/8/18,48.22,,,,,
2016/8/17,46.79,,,,,
2016/8/16,46.58,,,,,
2016/8/15,45.74,,,,,
2016/8/12,44.49,,,,,
2016/8/11,43.49,,,,,
2016/8/10,41.71,,,,,
2016/8/9,42.77,,,,,
2016/8/8,43.02,,,,,
2016/8/5,41.8,,,,,
2016/8/4,41.93,,,,,
2016/8/3,40.83,,,,,
2016/8/2,39.51,,,,,
2016/8/1,40.06,,,,,
2016/7/29,41.6,,,,,
2016/7/28,41.14,,,,,
2016/7/27,41.92,,,,,
2016/7/26,42.92,,,,,
2016/7/25,43.13,,,,,
2016/7/22,44.19,,,,,
2016/7/21,44.75,,,,,
2016/7/20,44.94,,,,,
2016/7/19,44.65,,,,,
2016/7/18,45.24,,,,,
2016/7/15,45.95,,,,,
2016/7/14,45.68,,,,,
2016/7/13,44.75,,,,,
2016/7/12,46.8,,,,,
2016/7/11,44.76,,,,,
2016/7/8,45.41,,,,,
2016/7/7,45.14,,,,,
2016/7/6,47.43,,,,,
2016/7/5,46.6,,,,,
2016/7/4,48.65,,,,,
2016/7/3,49.01,,,,,
2016/7/1,48.99,,,,,
2016/6/30,48.33,,,,,
2016/6/29,49.88,,,,,
2016/6/28,47.85,,,,,
2016/6/27,46.33,,,,,
2016/6/24,47.64,,,,,
2016/6/23,50.11,,,,,
2016/6/22,49.13,,,,,
2016/6/21,48.85,,,,,
2016/6/20,49.37,,,,,
2016/6/17,47.98,,,,,
2016/6/16,46.21,,,,,
2016/6/15,48.01,,,,,
2016/6/14,48.49,,,,,
2016/6/13,48.88,,,,,
2016/6/10,49.07,,,,,
2016/6/9,50.56,,,,,
2016/6/8,51.23,,,,,
2016/6/7,50.36,,,,,
2016/6/6,49.69,,,,,
2016/6/3,48.62,,,,,
2016/6/2,49.17,,,,,
2016/6/1,49.01,,,,,
2016/5/31,49.1,,,,,
2016/5/30,49.51,,,,,
2016/5/29,49.58,,,,,
2016/5/27,49.33,,,,,
2016/5/26,49.48,,,,,
2016/5/25,49.56,,,,,
2016/5/24,48.62,,,,,
2016/5/23,48.08,,,,,
2016/5/20,47.75,,,,,
2016/5/19,48.16,,,,,
2016/5/18,48.19,,,,,
2016/5/17,48.31,,,,,
2016/5/16,47.72,,,,,
2016/5/13,46.21,,,,,
2016/5/12,46.7,,,,,
2016/5/11,46.23,,,,,
2016/5/10,44.66,,,,,
2016/5/9,43.44,,,,,
2016/5/6,44.66,,,,,
2016/5/5,44.32,,,,,
2016/5/4,43.78,,,,,
2016/5/3,43.65,,,,,
2016/5/2,44.78,,,,,
2016/4/29,45.92,,,,,
2016/4/28,46.03,,,,,
2016/4/27,45.33,,,,,
2016/4/26,44.04,,,,,
2016/4/25,42.64,,,,,
2016/4/22,43.73,,,,,
2016/4/21,43.18,,,,,
2016/4/20,42.63,,,,,
2016/4/19,41.08,,,,,
2016/4/18,39.78,,,,,
2016/4/15,40.36,,,,,
2016/4/14,41.5,,,,,
2016/4/13,41.76,,,,,
2016/4/12,42.17,,,,,
2016/4/11,40.36,,,,,
2016/4/8,39.72,,,,,
2016/4/7,37.26,,,,,
2016/4/6,37.75,,,,,
2016/4/5,35.89,,,,,
2016/4/4,35.7,,,,,
2016/4/1,36.79,,,,,
2016/3/31,38.34,,,,,
2016/3/30,38.32,,,,,
2016/3/29,38.28,,,,,
2016/3/28,39.39,,,,,
2016/3/24,39.46,,,,,
2016/3/23,39.79,,,,,
2016/3/22,41.45,,,,,
2016/3/21,39.91,,,,,
2016/3/18,39.44,,,,,
2016/3/17,40.2,,,,,
2016/3/16,38.46,,,,,
2016/3/15,36.34,,,,,
2016/3/14,37.18,,,,,
2016/3/11,38.5,,,,,
2016/3/10,37.84,,,,,
2016/3/9,38.29,,,,,
2016/3/8,36.5,,,,,
2016/3/7,37.9,,,,,
2016/3/4,35.92,,,,,
2016/3/3,34.57,,,,,
2016/3/2,34.66,,,,,
2016/3/1,34.4,,,,,
2016/2/29,33.75,,,,,
2016/2/26,32.78,,,,,
2016/2/25,33.07,,,,,
2016/2/24,32.15,,,,,
2016/2/23,31.87,,,,,
2016/2/22,31.48,,,,,
2016/2/19,29.64,,,,,
2016/2/18,30.77,,,,,
2016/2/17,30.66,,,,,
2016/2/16,29.04,,,,,
2016/2/15,30.6,,,,,
2016/2/14,29.08,,,,,
2016/2/12,29.44,,,,,
2016/2/11,26.21,,,,,
2016/2/10,27.45,,,,,
2016/2/9,27.94,,,,,
2016/2/8,29.69,,,,,
2016/2/5,30.89,,,,,
2016/2/4,31.72,,,,,
2016/2/3,32.28,,,,,
2016/2/2,29.88,,,,,
2016/2/1,31.62,,,,,
2016/1/29,33.62,,,,,
2016/1/28,33.22,,,,,
2016/1/27,32.3,,,,,
2016/1/26,31.45,,,,,
2016/1/25,30.34,,,,,
2016/1/22,32.19,,,,,
2016/1/21,29.53,,,,,
2016/1/20,26.55,,,,,
2016/1/19,28.46,,,,,
2016/1/18,30.02,,,,,
2016/1/17,29.75,,,,,
2016/1/15,29.42,,,,,
2016/1/14,31.2,,,,,
2016/1/13,30.48,,,,,
2016/1/12,30.44,,,,,
2016/1/11,31.41,,,,,
2016/1/8,33.16,,,,,
2016/1/7,33.27,,,,,
2016/1/6,33.97,,,,,
2016/1/5,35.97,,,,,
2016/1/4,36.76,,,,,
2015/12/31,37.04,,,,,
2015/12/30,36.6,,,,,
2015/12/29,37.87,,,,,
2015/12/28,36.81,,,,,
2015/12/24,38.1,,,,,
2015/12/23,37.5,,,,,
2015/12/22,36.14,,,,,
2015/12/21,34.74,,,,,
2015/12/18,34.73,,,,,
2015/12/17,34.95,,,,,
2015/12/16,35.52,,,,,
2015/12/15,37.35,,,,,
2015/12/14,36.31,,,,,
2015/12/11,35.62,,,,,
2015/12/10,36.76,,,,,
2015/12/9,37.16,,,,,
2015/12/8,37.51,,,,,
2015/12/7,37.65,,,,,
2015/12/4,39.97,,,,,
2015/12/3,41.08,,,,,
2015/12/2,39.94,,,,,
2015/12/1,41.85,,,,,
2015/11/30,41.65,,,,,
2015/11/27,41.71,,,,,
2015/11/26,42.59,,,,,
2015/11/25,43.04,,,,,
2015/11/24,42.87,,,,,
2015/11/23,41.75,,,,,
2015/11/20,40.39,,,,,
2015/11/19,40.54,,,,,
2015/11/18,40.75,,,,,
2015/11/17,40.67,,,,,
2015/11/16,41.74,,,,,
2015/11/13,40.74,,,,,
2015/11/12,41.75,,,,,
2015/11/11,42.93,,,,,
2015/11/10,44.21,,,,,
2015/11/9,43.87,,,,,
2015/11/6,44.29,,,,,
2015/11/5,45.2,,,,,
2015/11/4,46.32,,,,,
2015/11/3,47.9,,,,,
2015/11/2,46.14,,,,,
2015/10/30,46.59,,,,,
2015/10/29,46.06,,,,,
2015/10/28,45.94,,,,,
2015/10/27,43.2,,,,,
2015/10/26,43.98,,,,,
2015/10/23,44.6,,,,,
2015/10/22,45.38,,,,,
2015/10/21,45.2,,,,,
2015/10/20,45.55,,,,,
2015/10/19,45.89,,,,,
2015/10/16,47.26,,,,,
2015/10/15,46.38,,,,,
2015/10/14,46.64,,,,,
2015/10/13,46.66,,,,,
2015/10/12,47.1,,,,,
2015/10/9,49.63,,,,,
2015/10/8,49.43,,,,,
2015/10/7,47.81,,,,,
2015/10/6,48.53,,,,,
2015/10/5,46.26,,,,,
2015/10/2,45.54,,,,,
2015/10/1,44.74,,,,,
2015/9/30,45.09,,,,,
2015/9/29,45.23,,,,,
2015/9/28,44.43,,,,,
2015/9/25,45.7,,,,,
2015/9/24,44.91,,,,,
2015/9/23,44.48,,,,,
2015/9/22,45.83,,,,,
2015/9/21,46.68,,,,,
2015/9/18,44.68,,,,,
2015/9/17,46.9,,,,,
2015/9/16,47.15,,,,,
2015/9/15,44.59,,,,,
2015/9/14,44,,,,,
2015/9/11,44.63,,,,,
2015/9/10,45.92,,,,,
2015/9/9,44.15,,,,,
2015/9/8,45.94,,,,,
2015/9/7,44.7,,,,,
2015/9/6,45.72,,,,,
2015/9/4,46.05,,,,,
2015/9/3,46.75,,,,,
2015/9/2,46.25,,,,,
2015/9/1,45.41,,,,,
2015/8/31,49.2,,,,,
2015/8/28,45.22,,,,,
2015/8/27,42.56,,,,,
2015/8/26,38.6,,,,,
2015/8/25,39.31,,,,,
2015/8/24,38.24,,,,,
2015/8/21,40.45,,,,,
2015/8/20,41.14,,,,,
2015/8/19,40.8,,,,,
2015/8/18,42.62,,,,,
2015/8/17,41.87,,,,,
2015/8/14,42.5,,,,,
2015/8/13,42.23,,,,,
2015/8/12,43.3,,,,,
2015/8/11,43.08,,,,,
2015/8/10,44.96,,,,,
2015/8/7,43.87,,,,,
2015/8/6,44.66,,,,,
2015/8/5,45.15,,,,,
2015/8/4,45.74,,,,,
2015/8/3,45.17,,,,,
2015/7/31,47.12,,,,,
2015/7/30,48.52,,,,,
2015/7/29,48.79,,,,,
2015/7/28,47.98,,,,,
2015/7/27,47.39,,,,,
2015/7/24,48.14,,,,,
2015/7/23,48.45,,,,,
2015/7/22,49.19,,,,,
2015/7/21,50.36,,,,,
2015/7/20,50.15,,,,,
2015/7/17,50.89,,,,,
2015/7/16,50.91,,,,,
2015/7/15,51.41,,,,,
2015/7/14,53.04,,,,,
2015/7/13,52.2,,,,,
2015/7/10,52.74,,,,,
2015/7/9,52.78,,,,,
2015/7/8,51.65,,,,,
2015/7/7,52.33,,,,,
2015/7/6,52.53,,,,,
2015/7/3,55.52,,,,,
2015/7/2,56.93,,,,,
2015/7/1,56.96,,,,,
2015/6/30,59.47,,,,,
2015/6/29,58.33,,,,,
2015/6/26,59.63,,,,,
2015/6/25,59.7,,,,,
2015/6/24,60.27,,,,,
2015/6/23,61.01,,,,,
2015/6/22,59.68,,,,,
2015/6/19,59.61,,,,,
2015/6/18,60.45,,,,,
2015/6/17,59.92,,,,,
2015/6/16,59.97,,,,,
2015/6/15,59.52,,,,,
2015/6/12,59.96,,,,,
2015/6/11,60.77,,,,,
2015/6/10,61.43,,,,,
2015/6/9,60.14,,,,,
2015/6/8,58.14,,,,,
2015/6/5,59.13,,,,,
2015/6/4,58,,,,,
2015/6/3,59.64,,,,,
2015/6/2,61.26,,,,,
2015/6/1,60.2,,,,,
2015/5/29,60.3,,,,,
2015/5/28,57.68,,,,,
2015/5/27,57.51,,,,,
2015/5/26,58.03,,,,,
2015/5/25,59.85,,,,,
2015/5/24,59.92,,,,,
2015/5/22,59.72,,,,,
2015/5/21,60.72,,,,,
2015/5/20,58.98,,,,,
2015/5/19,57.26,,,,,
2015/5/18,59.43,,,,,
2015/5/15,59.69,,,,,
2015/5/14,59.88,,,,,
2015/5/13,60.5,,,,,
2015/5/12,60.75,,,,,
2015/5/11,59.25,,,,,
2015/5/8,59.39,,,,,
2015/5/7,58.94,,,,,
2015/5/6,60.93,,,,,
2015/5/5,60.4,,,,,
2015/5/4,58.93,,,,,
2015/5/1,59.15,,,,,
2015/4/30,59.63,,,,,
2015/4/29,58.58,,,,,
2015/4/28,57.06,,,,,
2015/4/27,56.99,,,,,
2015/4/24,57.15,,,,,
2015/4/23,57.74,,,,,
2015/4/22,56.16,,,,,
2015/4/21,55.26,,,,,
2015/4/20,56.38,,,,,
2015/4/17,55.74,,,,,
2015/4/16,56.71,,,,,
2015/4/15,56.39,,,,,
2015/4/14,53.29,,,,,
2015/4/13,51.91,,,,,
2015/4/10,51.64,,,,,
2015/4/9,50.79,,,,,
2015/4/8,50.42,,,,,
2015/4/7,53.98,,,,,
2015/4/6,52.14,,,,,
2015/4/3,49.14,,,,,
2015/4/2,49.14,,,,,
2015/4/1,50.09,,,,,
2015/3/31,47.6,,,,,
2015/3/30,48.68,,,,,
2015/3/27,48.87,,,,,
2015/3/26,51.43,,,,,
2015/3/25,49.21,,,,,
2015/3/24,47.51,,,,,
2015/3/23,47.45,,,,,
2015/3/20,45.72,,,,,
2015/3/19,43.96,,,,,
2015/3/18,44.66,,,,,
2015/3/17,43.46,,,,,
2015/3/16,43.88,,,,,
2015/3/13,44.84,,,,,
2015/3/12,47.05,,,,,
2015/3/11,48.17,,,,,
2015/3/10,48.29,,,,,
2015/3/9,50,,,,,
2015/3/6,49.61,,,,,
2015/3/5,50.76,,,,,
2015/3/4,51.53,,,,,
2015/3/3,50.52,,,,,
2015/3/2,49.59,,,,,
2015/2/27,49.76,,,,,
2015/2/26,48.17,,,,,
2015/2/25,50.99,,,,,
2015/2/24,49.28,,,,,
2015/2/23,49.45,,,,,
2015/2/20,50.34,,,,,
2015/2/19,51.16,,,,,
2015/2/18,52.14,,,,,
2015/2/17,53.53,,,,,
2015/2/16,53.61,,,,,
2015/2/15,54.06,,,,,
2015/2/13,52.78,,,,,
2015/2/12,51.21,,,,,
2015/2/11,48.84,,,,,
2015/2/10,50.02,,,,,
2015/2/9,52.86,,,,,
2015/2/6,51.69,,,,,
2015/2/5,50.48,,,,,
2015/2/4,48.45,,,,,
2015/2/3,53.05,,,,,
2015/2/2,49.57,,,,,
2015/1/30,48.24,,,,,
2015/1/29,44.53,,,,,
2015/1/28,44.45,,,,,
2015/1/27,46.23,,,,,
2015/1/26,45.15,,,,,
2015/1/23,45.59,,,,,
2015/1/22,46.31,,,,,
2015/1/21,47.78,,,,,
2015/1/20,46.39,,,,,
2015/1/19,47.78,,,,,
2015/1/18,48.85,,,,,
2015/1/16,48.69,,,,,
2015/1/15,46.25,,,,,
2015/1/14,48.48,,,,,
2015/1/13,45.89,,,,,
2015/1/12,46.07,,,,,
2015/1/9,48.36,,,,,
2015/1/8,48.79,,,,,
2015/1/7,48.65,,,,,
2015/1/6,47.93,,,,,
2015/1/5,50.04,,,,,
